id,1st_name,2nd_name,position,team,tot_pts,prvGWsPtsTrend,web_name,pts/game,form,xPts,^fplAdv*xPts,^defAdv*xPts,^attAdv*xPts,^avgAdv*xPts,fplAdv_nxtGWs,defAdv_nxtGWs,attAdv_nxtGWs,#OfMatches_nxtGWs,tot_xPts,gw5Pts,tot_aPts,tot_aPts/tot_xPts,nxtGWsPtsTrend
3,Gabriel,dos Santos Magalhães,DEF,ARS,29,^^^,"Gabriel (DEF, ^^^)",7.2,7.7,7.45,4.138888888888889,3.725,0.0,3.9319444,1,0,0,1,7.45,0,0,0,?
15,David,Raya Martin,GKP,ARS,29,~,"Raya (GKP, ~)",7.2,7.0,7.1,3.9444444444444446,3.55,0.0,3.7472222,1,0,0,1,7.1,0,0,0,?
17,Bukayo,Saka,MID,ARS,31,~,"Saka (MID, ~)",7.8,6.3,7.05,3.916666666666667,0.0,3.525,3.7208333,1,0,0,1,7.05,0,0,0,?
20,Thomas,Partey,MID,ARS,18,v,"Thomas (MID, v)",4.5,5.0,4.75,2.638888888888889,0.0,2.375,2.5069444,1,0,0,1,4.75,0,0,0,?
24,Benjamin,White,DEF,ARS,20,~,"White (DEF, ~)",5.0,4.7,4.85,2.694444444444444,2.425,0.0,2.5597222,1,0,0,1,4.85,0,0,0,?
18,William,Saliba,DEF,ARS,19,~,"Saliba (DEF, ~)",4.8,4.3,4.55,2.5277777777777777,2.275,0.0,2.4013889,1,0,0,1,4.55,0,0,0,?
4,Kai,Havertz,FWD,ARS,24,vv,"Havertz (FWD, vv)",6.0,4.0,5.0,2.7777777777777777,0.0,2.5,2.6388889,1,0,0,1,5.0,0,0,0,?
6,Jurriën,Timber,DEF,ARS,13,^^,"J.Timber (DEF, ^^)",3.2,4.0,3.6,2.0,1.8,0.0,1.9,1,0,0,1,3.6,0,0,0,?
23,Leandro,Trossard,MID,ARS,12,~,"Trossard (MID, ~)",3.0,3.7,3.35,1.8611111111111112,0.0,1.675,1.7680556,1,0,0,1,3.35,0,0,0,?
9,Gabriel,Martinelli Silva,MID,ARS,10,~,"Martinelli (MID, ~)",2.5,2.3,2.4,1.3333333333333333,0.0,1.2,1.2666667,1,0,0,1,2.4,0,0,0,?
13,Martin,Ødegaard,MID,ARS,7,vv,"Ødegaard (MID, vv)",2.3,1.3,1.8,1.0,0.0,0.9,0.95,1,0,0,1,1.8,0,0,0,?
73,Norberto,Murara Neto,GKP,ARS,7,vv,"Neto (GKP, vv)",3.5,1.0,2.25,1.25,1.125,0.0,1.1875,1,0,0,1,2.25,0,0,0,?
7,Jorge Luiz,Frello Filho,MID,ARS,2,^^^,"Jorginho (MID, ^^^)",2.0,0.7,1.35,0.7500000000000001,0.0,0.675,0.7125,1,0,0,1,1.35,0,0,0,?
578,Riccardo,Calafiori,DEF,ARS,2,vv,"Calafiori (DEF, vv)",1.0,0.7,0.85,0.4722222222222222,0.425,0.0,0.4486111,1,0,0,1,0.85,0,0,0,?
25,Oleksandr,Zinchenko,DEF,ARS,7,vv,"Zinchenko (DEF, vv)",3.5,0.3,1.9,1.0555555555555556,0.95,0.0,1.0027778,1,0,0,1,1.9,0,0,0,?
12,Ethan,Nwaneri,MID,ARS,1,^^^,"Nwaneri (MID, ^^^)",1.0,0.3,0.65,0.36111111111111116,0.0,0.325,0.3430556,1,0,0,1,0.65,0,0,0,?
186,Raheem,Sterling,MID,ARS,1,^^^,"Sterling (MID, ^^^)",1.0,0.3,0.65,0.36111111111111116,0.0,0.325,0.3430556,1,0,0,1,0.65,0,0,0,?
2,Gabriel,Fernando de Jesus,FWD,ARS,1,^^^,"G.Jesus (FWD, ^^^)",0.5,0.3,0.4,0.22222222222222224,0.0,0.2,0.2111111,1,0,0,1,0.4,0,0,0,?
16,Declan,Rice,MID,ARS,3,vv,"Rice (MID, vv)",1.0,0.0,0.5,0.2777777777777778,0.0,0.25,0.2638889,1,0,0,1,0.5,0,0,0,?
1,Fábio,Ferreira Vieira,MID,ARS,0,?,"Fábio Vieira (MID, ?)",0.0,0.0,0.0,0.0,0.0,0.0,0.0,1,0,0,1,0.0,0,0,0,?
5,Karl,Hein,GKP,ARS,0,?,"Hein (GKP, ?)",0.0,0.0,0.0,0.0,0.0,0.0,0.0,1,0,0,1,0.0,0,0,0,?
8,Jakub,Kiwior,DEF,ARS,0,?,"Kiwior (DEF, ?)",0.0,0.0,0.0,0.0,0.0,0.0,0.0,1,0,0,1,0.0,0,0,0,?
21,Kieran,Tierney,DEF,ARS,0,?,"Tierney (DEF, ?)",0.0,0.0,0.0,0.0,0.0,0.0,0.0,1,0,0,1,0.0,0,0,0,?
22,Tomiyasu,Takehiro,DEF,ARS,0,?,"Tomiyasu (DEF, ?)",0.0,0.0,0.0,0.0,0.0,0.0,0.0,1,0,0,1,0.0,0,0,0,?
597,Myles,Lewis-Skelly,MID,ARS,0,?,"Lewis-Skelly (MID, ?)",0.0,0.0,0.0,0.0,0.0,0.0,0.0,1,0,0,1,0.0,0,0,0,?
633,Mikel,Merino,MID,ARS,0,?,"Merino (MID, ?)",0.0,0.0,0.0,0.0,0.0,0.0,0.0,1,0,0,1,0.0,0,0,0,?
638,Salah-Eddine,Oulad M'hand,MID,ARS,0,?,"Oulad M'hand (MID, ?)",0.0,0.0,0.0,0.0,0.0,0.0,0.0,1,0,0,1,0.0,0,0,0,?
639,Tommy,Setford,GKP,ARS,0,?,"Setford (GKP, ?)",0.0,0.0,0.0,0.0,0.0,0.0,0.0,1,0,0,1,0.0,0,0,0,?
657,Maldini,Kacurri,DEF,ARS,0,?,"Kacurri (DEF, ?)",0.0,0.0,0.0,0.0,0.0,0.0,0.0,1,0,0,1,0.0,0,0,0,?
658,Ayden,Heaven,DEF,ARS,0,?,"Heaven (DEF, ?)",0.0,0.0,0.0,0.0,0.0,0.0,0.0,1,0,0,1,0.0,0,0,0,?
659,Ismeal,Kabia,MID,ARS,0,?,"Kabia (MID, ?)",0.0,0.0,0.0,0.0,0.0,0.0,0.0,1,0,0,1,0.0,0,0,0,?
58,Ollie,Watkins,FWD,AVL,22,^^^,"Watkins (FWD, ^^^)",5.5,6.7,6.1,4.066666666666666,0.0,5.422222222222222,4.7444444,3,0,7,1,6.1,0,0,0,?
38,Jhon,Durán,FWD,AVL,20,~,"Duran (FWD, ~)",5.0,4.7,4.85,3.233333333333333,0.0,4.311111111111111,3.7722222,3,0,7,1,4.85,0,0,0,?
36,Lucas,Digne,DEF,AVL,15,~,"Digne (DEF, ~)",3.8,4.3,4.05,2.6999999999999997,2.475,0.0,2.5875,3,2,0,1,4.05,0,0,0,?
233,Amadou,Onana,MID,AVL,21,vv,"Onana (MID, vv)",5.2,3.7,4.45,2.966666666666667,0.0,3.9555555555555557,3.4611111,3,0,7,1,4.45,0,0,0,?
48,John,McGinn,MID,AVL,8,~,"McGinn (MID, ~)",2.0,2.0,2.0,1.3333333333333333,0.0,1.7777777777777777,1.5555556,3,0,7,1,2.0,0,0,0,?
54,Morgan,Rogers,MID,AVL,8,~,"Rogers (MID, ~)",2.0,2.0,2.0,1.3333333333333333,0.0,1.7777777777777777,1.5555556,3,0,7,1,2.0,0,0,0,?
29,Ross,Barkley,MID,AVL,6,^^^,"Barkley (MID, ^^^)",2.0,2.0,2.0,1.3333333333333333,0.0,1.7777777777777777,1.5555556,3,0,7,1,2.0,0,0,0,?
57,Youri,Tielemans,MID,AVL,12,v,"Tielemans (MID, v)",3.0,1.7,2.35,1.5666666666666667,0.0,2.088888888888889,1.8277778,3,0,7,1,2.35,0,0,0,?
53,Jacob,Ramsey,MID,AVL,9,~,"Ramsey (MID, ~)",2.2,1.7,1.95,1.2999999999999998,0.0,1.7333333333333332,1.5166667,3,0,7,1,1.95,0,0,0,?
44,Ezri,Konsa Ngoyo,DEF,AVL,6,v,"Konsa (DEF, v)",1.5,1.3,1.4,0.9333333333333332,0.8555555555555556,0.0,0.8944444,3,2,0,1,1.4,0,0,0,?
52,Pau,Torres,DEF,AVL,6,v,"Pau (DEF, v)",1.5,1.3,1.4,0.9333333333333332,0.8555555555555556,0.0,0.8944444,3,2,0,1,1.4,0,0,0,?
47,Emiliano,Martínez Romero,GKP,AVL,6,vv,"Martinez (GKP, vv)",1.5,1.0,1.25,0.8333333333333333,0.763888888888889,0.0,0.7986111,3,2,0,1,1.25,0,0,0,?
28,Leon,Bailey,MID,AVL,4,vv,"Bailey (MID, vv)",1.3,1.0,1.15,0.7666666666666666,0.0,1.0222222222222221,0.8944444,3,0,7,1,1.15,0,0,0,?
45,Ian,Maatsen,DEF,AVL,4,~,"Maatsen (DEF, ~)",1.0,1.0,1.0,0.6666666666666666,0.6111111111111112,0.0,0.6388889,3,2,0,1,1.0,0,0,0,?
50,Kosta,Nedeljković,DEF,AVL,3,vv,"Nedeljkovic (DEF, vv)",1.0,0.7,0.85,0.5666666666666667,0.5194444444444445,0.0,0.5430556,3,2,0,1,0.85,0,0,0,?
598,Lamare,Bogarde,DEF,AVL,2,^,"Bogarde (DEF, ^)",1.0,0.7,0.85,0.5666666666666667,0.5194444444444445,0.0,0.5430556,3,2,0,1,0.85,0,0,0,?
32,Matty,Cash,DEF,AVL,3,vv,"Cash (DEF, vv)",1.5,0.3,0.9,0.6,0.55,0.0,0.575,3,2,0,1,0.9,0,0,0,?
31,Emiliano,Buendía Stati,MID,AVL,1,^^^,"Buendia (MID, ^^^)",1.0,0.3,0.65,0.43333333333333335,0.0,0.5777777777777777,0.5055556,3,0,7,1,0.65,0,0,0,?
569,Jaden,Philogene,MID,AVL,1,^^^,"Jaden (MID, ^^^)",0.5,0.3,0.4,0.26666666666666666,0.0,0.35555555555555557,0.3111111,3,0,7,1,0.4,0,0,0,?
30,Enzo,Barrenechea,MID,AVL,0,?,"Barrenechea (MID, ?)",0.0,0.0,0.0,0.0,0.0,0.0,0.0,3,0,7,1,0.0,0,0,0,?
33,Leander,Dendoncker,MID,AVL,0,?,"Dendoncker (MID, ?)",0.0,0.0,0.0,0.0,0.0,0.0,0.0,3,0,7,1,0.0,0,0,0,?
34,Moussa,Diaby,MID,AVL,0,?,"Diaby (MID, ?)",0.0,0.0,0.0,0.0,0.0,0.0,0.0,3,0,7,1,0.0,0,0,0,?
35,Diego Carlos,Santos Silva,DEF,AVL,0,?,"Diego Carlos (DEF, ?)",0.0,0.0,0.0,0.0,0.0,0.0,0.0,3,2,0,1,0.0,0,0,0,?
37,Lewis,Dobbin,MID,AVL,0,?,"Dobbin (MID, ?)",0.0,0.0,0.0,0.0,0.0,0.0,0.0,3,0,7,1,0.0,0,0,0,?
39,Joe,Gauci,GKP,AVL,0,?,"Gauci (GKP, ?)",0.0,0.0,0.0,0.0,0.0,0.0,0.0,3,2,0,1,0.0,0,0,0,?
40,Kortney,Hause,DEF,AVL,0,?,"Hause (DEF, ?)",0.0,0.0,0.0,0.0,0.0,0.0,0.0,3,2,0,1,0.0,0,0,0,?
41,Samuel,Iling-Junior,MID,AVL,0,?,"Iling Jr (MID, ?)",0.0,0.0,0.0,0.0,0.0,0.0,0.0,3,0,7,1,0.0,0,0,0,?
42,Boubacar,Kamara,MID,AVL,0,?,"Kamara (MID, ?)",0.0,0.0,0.0,0.0,0.0,0.0,0.0,3,0,7,1,0.0,0,0,0,?
43,Kaine,Kesler-Hayden,DEF,AVL,0,?,"Kesler-Hayden (DEF, ?)",0.0,0.0,0.0,0.0,0.0,0.0,0.0,3,2,0,1,0.0,0,0,0,?
46,Filip,Marschall,GKP,AVL,0,?,"Marschall (GKP, ?)",0.0,0.0,0.0,0.0,0.0,0.0,0.0,3,2,0,1,0.0,0,0,0,?
49,Tyrone,Mings,DEF,AVL,0,?,"Mings (DEF, ?)",0.0,0.0,0.0,0.0,0.0,0.0,0.0,3,2,0,1,0.0,0,0,0,?
51,Robin,Olsen,GKP,AVL,0,?,"Olsen (GKP, ?)",0.0,0.0,0.0,0.0,0.0,0.0,0.0,3,2,0,1,0.0,0,0,0,?
55,Viljami,Sinisalo,GKP,AVL,0,?,"Sinisalo (GKP, ?)",0.0,0.0,0.0,0.0,0.0,0.0,0.0,3,2,0,1,0.0,0,0,0,?
56,Lino,da Cruz Sousa,DEF,AVL,0,?,"Sousa (DEF, ?)",0.0,0.0,0.0,0.0,0.0,0.0,0.0,3,2,0,1,0.0,0,0,0,?
640,Sil,Swinkels,DEF,AVL,0,?,"Swinkels (DEF, ?)",0.0,0.0,0.0,0.0,0.0,0.0,0.0,3,2,0,1,0.0,0,0,0,?
641,Oliwier,Zych,GKP,AVL,0,?,"Zych (GKP, ?)",0.0,0.0,0.0,0.0,0.0,0.0,0.0,3,2,0,1,0.0,0,0,0,?
656,Kadan,Young,MID,AVL,0,?,"Young (MID, ?)",0.0,0.0,0.0,0.0,0.0,0.0,0.0,3,0,7,1,0.0,0,0,0,?
129,João Pedro,Junqueira de Jesus,FWD,BHA,18,vv,"João Pedro (FWD, vv)",6.0,5.3,5.65,2.511111111111111,0.0,2.825,2.6680556,-1,0,0,1,5.65,0,0,0,?
148,Danny,Welbeck,FWD,BHA,25,vv,"Welbeck (FWD, vv)",6.2,4.3,5.25,2.333333333333333,0.0,2.625,2.4791667,-1,0,0,1,5.25,0,0,0,?
136,Mitoma,Kaoru,MID,BHA,19,v,"Mitoma (MID, v)",4.8,3.7,4.25,1.8888888888888888,0.0,2.125,2.0069444,-1,0,0,1,4.25,0,0,0,?
145,Joël,Veltman,DEF,BHA,19,^^,"Veltman (DEF, ^^)",4.8,3.7,4.25,1.8888888888888888,3.069444444444444,0.0,2.4791667,-1,4,0,1,4.25,0,0,0,?
120,Lewis,Dunk,DEF,BHA,16,^^,"Dunk (DEF, ^^)",4.0,3.3,3.65,1.622222222222222,2.636111111111111,0.0,2.1291667,-1,4,0,1,3.65,0,0,0,?
146,Bart,Verbruggen,GKP,BHA,9,^^,"Verbruggen (GKP, ^^)",4.5,3.0,3.75,1.6666666666666665,2.7083333333333335,0.0,2.1875,-1,4,0,1,3.75,0,0,0,?
144,Jan Paul,van Hecke,DEF,BHA,15,^^^,"Van Hecke (DEF, ^^^)",3.8,3.0,3.4,1.511111111111111,2.4555555555555553,0.0,1.9833333,-1,4,0,1,3.4,0,0,0,?
135,Yankuba,Minteh,MID,BHA,12,v,"Minteh (MID, v)",3.0,2.7,2.85,1.2666666666666666,0.0,1.425,1.3458333,-1,0,0,1,2.85,0,0,0,?
113,Simon,Adingra,MID,BHA,12,vv,"Adingra (MID, vv)",3.0,2.0,2.5,1.1111111111111112,0.0,1.25,1.1805556,-1,0,0,1,2.5,0,0,0,?
126,Jack,Hinshelwood,MID,BHA,9,~,"Hinshelwood (MID, ~)",2.2,2.0,2.1,0.9333333333333333,0.0,1.05,0.9916667,-1,0,0,1,2.1,0,0,0,?
115,Carlos,Baleba,MID,BHA,6,^^^,"Baleba (MID, ^^^)",2.0,2.0,2.0,0.8888888888888888,0.0,1.0,0.9444444,-1,0,0,1,2.0,0,0,0,?
600,Yasin,Ayari,MID,BHA,7,^^^,"Ayari (MID, ^^^)",1.8,2.0,1.9,0.8444444444444443,0.0,0.95,0.8972222,-1,0,0,1,1.9,0,0,0,?
618,Georginio,Rutter,MID,BHA,5,^^^,"Georginio (MID, ^^^)",1.7,1.7,1.7,0.7555555555555555,0.0,0.85,0.8027778,-1,0,0,1,1.7,0,0,0,?
134,James,Milner,MID,BHA,5,vv,"Milner (MID, vv)",1.7,1.0,1.35,0.6,0.0,0.675,0.6375,-1,0,0,1,1.35,0,0,0,?
121,Julio,Enciso,MID,BHA,3,~,"Enciso (MID, ~)",1.0,1.0,1.0,0.4444444444444444,0.0,0.5,0.4722222,-1,0,0,1,1.0,0,0,0,?
142,Jason,Steele,GKP,BHA,9,vv,"Steele (GKP, vv)",4.5,0.7,2.6,1.1555555555555554,1.8777777777777778,0.0,1.5166667,-1,4,0,1,2.6,0,0,0,?
124,Billy,Gilmour,MID,BHA,3,vv,"Gilmour (MID, vv)",1.5,0.7,1.1,0.48888888888888893,0.0,0.55,0.5194444,-1,0,0,1,1.1,0,0,0,?
628,Ferdi,Kadioglu,DEF,BHA,1,^^^,"F.Kadıoğlu (DEF, ^^^)",1.0,0.5,0.75,0.3333333333333333,0.5416666666666666,0.0,0.4375,-1,4,0,1,0.75,0,0,0,?
122,Pervis,Estupiñán,DEF,BHA,1,vv,"Estupiñan (DEF, vv)",1.0,0.3,0.65,0.28888888888888886,0.46944444444444444,0.0,0.3791667,-1,4,0,1,0.65,0,0,0,?
123,Evan,Ferguson,FWD,BHA,1,^^^,"Ferguson (FWD, ^^^)",1.0,0.3,0.65,0.28888888888888886,0.0,0.325,0.3069444,-1,0,0,1,0.65,0,0,0,?
149,Mats,Wieffer,MID,BHA,6,vv,"Wieffer (MID, vv)",6.0,0.0,3.0,1.3333333333333333,0.0,1.5,1.4166667,-1,0,0,1,3.0,0,0,0,?
141,Jeremy,Sarmiento Morante,MID,BHA,1,vv,"Sarmiento (MID, vv)",1.0,0.0,0.5,0.2222222222222222,0.0,0.25,0.2361111,-1,0,0,1,0.5,0,0,0,?
147,Adam,Webster,DEF,BHA,1,vv,"Webster (DEF, vv)",1.0,0.0,0.5,0.2222222222222222,0.3611111111111111,0.0,0.2916667,-1,4,0,1,0.5,0,0,0,?
114,Benicio,Baker-Boaitey,MID,BHA,0,?,"Baker-Boaitey (MID, ?)",0.0,0.0,0.0,0.0,0.0,0.0,0.0,-1,0,0,1,0.0,0,0,0,?
116,Valentín,Barco,DEF,BHA,0,?,"Barco (DEF, ?)",0.0,0.0,0.0,0.0,0.0,0.0,0.0,-1,4,0,1,0.0,0,0,0,?
118,Amario,Cozier-Duberry,MID,BHA,0,?,"Cozier-Duberry (MID, ?)",0.0,0.0,0.0,0.0,0.0,0.0,0.0,-1,0,0,1,0.0,0,0,0,?
119,Mahmoud,Dahoud,MID,BHA,0,?,"Dahoud (MID, ?)",0.0,0.0,0.0,0.0,0.0,0.0,0.0,-1,0,0,1,0.0,0,0,0,?
125,Pascal,Groß,MID,BHA,0,?,"Gross (MID, ?)",0.0,0.0,0.0,0.0,0.0,0.0,0.0,-1,0,0,1,0.0,0,0,0,?
127,Ibrahim,Osman,MID,BHA,0,?,"I.Osman (MID, ?)",0.0,0.0,0.0,0.0,0.0,0.0,0.0,-1,0,0,1,0.0,0,0,0,?
128,Igor Julio,dos Santos de Paulo,DEF,BHA,0,?,"Igor (DEF, ?)",0.0,0.0,0.0,0.0,0.0,0.0,0.0,-1,4,0,1,0.0,0,0,0,?
130,Kacper,Kozłowski,MID,BHA,0,?,"Kozlowski (MID, ?)",0.0,0.0,0.0,0.0,0.0,0.0,0.0,-1,0,0,1,0.0,0,0,0,?
131,Tariq,Lamptey,DEF,BHA,0,?,"Lamptey (DEF, ?)",0.0,0.0,0.0,0.0,0.0,0.0,0.0,-1,4,0,1,0.0,0,0,0,?
132,Solly,March,MID,BHA,0,?,"March (MID, ?)",0.0,0.0,0.0,0.0,0.0,0.0,0.0,-1,0,0,1,0.0,0,0,0,?
133,Adrian,Mazilu,MID,BHA,0,?,"Mazilu (MID, ?)",0.0,0.0,0.0,0.0,0.0,0.0,0.0,-1,0,0,1,0.0,0,0,0,?
137,Jakub,Moder,MID,BHA,0,?,"Moder (MID, ?)",0.0,0.0,0.0,0.0,0.0,0.0,0.0,-1,0,0,1,0.0,0,0,0,?
138,Mark,O’Mahony,FWD,BHA,0,?,"O’Mahony (FWD, ?)",0.0,0.0,0.0,0.0,0.0,0.0,0.0,-1,0,0,1,0.0,0,0,0,?
139,Odeluga,Offiah,DEF,BHA,0,?,"Offiah (DEF, ?)",0.0,0.0,0.0,0.0,0.0,0.0,0.0,-1,4,0,1,0.0,0,0,0,?
140,Cameron,Peupion,MID,BHA,0,?,"Peupion (MID, ?)",0.0,0.0,0.0,0.0,0.0,0.0,0.0,-1,0,0,1,0.0,0,0,0,?
143,Deniz,Undav,FWD,BHA,0,?,"Undav (FWD, ?)",0.0,0.0,0.0,0.0,0.0,0.0,0.0,-1,0,0,1,0.0,0,0,0,?
595,Brajan,Gruda,MID,BHA,0,?,"Gruda (MID, ?)",0.0,0.0,0.0,0.0,0.0,0.0,0.0,-1,0,0,1,0.0,0,0,0,?
601,Andrew,Moran,MID,BHA,0,?,"Moran (MID, ?)",0.0,0.0,0.0,0.0,0.0,0.0,0.0,-1,0,0,1,0.0,0,0,0,?
615,Carl,Rushworth,GKP,BHA,0,?,"Rushworth (GKP, ?)",0.0,0.0,0.0,0.0,0.0,0.0,0.0,-1,4,0,1,0.0,0,0,0,?
629,Matt,O'Riley,MID,BHA,0,?,"O'Riley (MID, ?)",0.0,0.0,0.0,0.0,0.0,0.0,0.0,-1,0,0,1,0.0,0,0,0,?
83,Marcus,Tavernier,MID,BOU,16,~,"Tavernier (MID, ~)",4.0,4.7,4.35,0.7249999999999999,0.0,1.2083333333333333,0.9666667,-6,0,-4,1,4.35,0,0,0,?
80,Luis,Sinisterra,MID,BOU,15,vv,"Sinisterra (MID, vv)",3.8,4.3,4.05,0.6749999999999999,0.0,1.125,0.9,-6,0,-4,1,4.05,0,0,0,?
78,Antoine,Semenyo,MID,BOU,20,vv,"Semenyo (MID, vv)",5.0,4.0,4.5,0.75,0.0,1.25,1.0,-6,0,-4,1,4.5,0,0,0,?
64,Lewis,Cook,MID,BOU,11,vv,"Cook (MID, vv)",2.8,3.3,3.05,0.5083333333333333,0.0,0.8472222222222222,0.6777778,-6,0,-4,1,3.05,0,0,0,?
71,Justin,Kluivert,MID,BOU,10,~,"Kluivert (MID, ~)",2.5,3.3,2.9,0.4833333333333333,0.0,0.8055555555555556,0.6444444,-6,0,-4,1,2.9,0,0,0,?
81,Adam,Smith,DEF,BOU,9,^^^,"Smith (DEF, ^^^)",2.2,2.3,2.25,0.375,0.375,0.0,0.375,-6,-6,0,1,2.25,0,0,0,?
63,Ryan,Christie,MID,BOU,7,~,"Christie (MID, ~)",1.8,2.0,1.9,0.31666666666666665,0.0,0.5277777777777778,0.4222222,-6,0,-4,1,1.9,0,0,0,?
74,Dango,Ouattara,MID,BOU,7,vv,"O.Dango (MID, vv)",2.3,1.7,2.0,0.3333333333333333,0.0,0.5555555555555556,0.4444444,-6,0,-4,1,2.0,0,0,0,?
85,Illia,Zabarnyi,DEF,BOU,7,~,"Zabarnyi (DEF, ~)",1.8,1.7,1.75,0.29166666666666663,0.29166666666666663,0.0,0.2916667,-6,-6,0,1,1.75,0,0,0,?
70,Milos,Kerkez,DEF,BOU,6,^,"Kerkez (DEF, ^)",1.5,1.7,1.6,0.26666666666666666,0.26666666666666666,0.0,0.2666667,-6,-6,0,1,1.6,0,0,0,?
617,Francisco Evanilson,de Lima Barbosa,FWD,BOU,4,vv,"Evanilson (FWD, vv)",1.3,1.3,1.3,0.21666666666666667,0.0,0.36111111111111116,0.2888889,-6,0,-4,1,1.3,0,0,0,?
592,Julián,Araujo Zúñiga,DEF,BOU,5,~,"J.Araujo (DEF, ~)",1.2,1.3,1.25,0.20833333333333331,0.20833333333333331,0.0,0.2083333,-6,-6,0,1,1.25,0,0,0,?
152,Kepa,Arrizabalaga,GKP,BOU,3,vv,"Arrizabalaga (GKP, vv)",3.0,1.0,2.0,0.3333333333333333,0.3333333333333333,0.0,0.3333333,-6,-6,0,1,2.0,0,0,0,?
77,Alex,Scott,MID,BOU,5,~,"Scott (MID, ~)",1.2,1.0,1.1,0.18333333333333335,0.0,0.3055555555555556,0.2444444,-6,0,-4,1,1.1,0,0,0,?
79,Marcos,Senesi,DEF,BOU,3,~,"Senesi (DEF, ~)",1.0,1.0,1.0,0.16666666666666666,0.16666666666666666,0.0,0.1666667,-6,-6,0,1,1.0,0,0,0,?
84,Mark,Travers,GKP,BOU,2,^^^,"Travers (GKP, ^^^)",2.0,0.7,1.35,0.225,0.225,0.0,0.225,-6,-6,0,1,1.35,0,0,0,?
580,Dean,Huijsen,DEF,BOU,3,vv,"Huijsen (DEF, vv)",1.5,0.3,0.9,0.15,0.15,0.0,0.15,-6,-6,0,1,0.9,0,0,0,?
69,Daniel,Jebbison,FWD,BOU,2,vv,"Jebbison (FWD, vv)",1.0,0.3,0.65,0.10833333333333334,0.0,0.18055555555555558,0.1444444,-6,0,-4,1,0.65,0,0,0,?
76,Philip,Billing,MID,BOU,2,^,"Philip (MID, ^)",1.0,0.3,0.65,0.10833333333333334,0.0,0.18055555555555558,0.1444444,-6,0,-4,1,0.65,0,0,0,?
65,Enes,Ünal,FWD,BOU,1,^^^,"Enes Ünal (FWD, ^^^)",1.0,0.3,0.65,0.10833333333333334,0.0,0.18055555555555558,0.1444444,-6,0,-4,1,0.65,0,0,0,?
59,Max,Aarons,DEF,BOU,0,?,"Aarons (DEF, ?)",0.0,0.0,0.0,0.0,0.0,0.0,0.0,-6,-6,0,1,0.0,0,0,0,?
60,Tyler,Adams,MID,BOU,0,?,"Adams (MID, ?)",0.0,0.0,0.0,0.0,0.0,0.0,0.0,-6,0,-4,1,0.0,0,0,0,?
61,Jaidon,Anthony,MID,BOU,0,?,"Anthony (MID, ?)",0.0,0.0,0.0,0.0,0.0,0.0,0.0,-6,0,-4,1,0.0,0,0,0,?
62,David,Brooks,MID,BOU,0,?,"Brooks (MID, ?)",0.0,0.0,0.0,0.0,0.0,0.0,0.0,-6,0,-4,1,0.0,0,0,0,?
66,Romain,Faivre,MID,BOU,0,?,"Faivre (MID, ?)",0.0,0.0,0.0,0.0,0.0,0.0,0.0,-6,0,-4,1,0.0,0,0,0,?
67,Hamed,Traorè,MID,BOU,0,?,"H.Traorè (MID, ?)",0.0,0.0,0.0,0.0,0.0,0.0,0.0,-6,0,-4,1,0.0,0,0,0,?
68,James,Hill,DEF,BOU,0,?,"Hill (DEF, ?)",0.0,0.0,0.0,0.0,0.0,0.0,0.0,-6,-6,0,1,0.0,0,0,0,?
72,Chris,Mepham,DEF,BOU,0,?,"Mepham (DEF, ?)",0.0,0.0,0.0,0.0,0.0,0.0,0.0,-6,-6,0,1,0.0,0,0,0,?
75,Alex,Paulsen,GKP,BOU,0,?,"Paulsen (GKP, ?)",0.0,0.0,0.0,0.0,0.0,0.0,0.0,-6,-6,0,1,0.0,0,0,0,?
599,Will,Dennis,GKP,BOU,0,?,"Dennis (GKP, ?)",0.0,0.0,0.0,0.0,0.0,0.0,0.0,-6,-6,0,1,0.0,0,0,0,?
110,Yoane,Wissa,FWD,BRE,28,~,"Wissa (FWD, ~)",7.0,5.7,6.35,2.4694444444444446,0.0,3.175,2.8222222,-2,0,0,1,6.35,0,0,0,?
99,Bryan,Mbeumo,MID,BRE,26,vv,"Mbeumo (MID, vv)",6.5,5.7,6.1,2.3722222222222222,0.0,3.05,2.7111111,-2,0,0,1,6.1,0,0,0,?
91,Mark,Flekken,GKP,BRE,12,v,"Flekken (GKP, v)",3.0,2.7,2.85,1.1083333333333334,0.95,0.0,1.0291667,-2,-3,0,1,2.85,0,0,0,?
106,Kevin,Schade,MID,BRE,10,vv,"Schade (MID, vv)",2.5,2.7,2.6,1.011111111111111,0.0,1.3,1.1555556,-2,0,0,1,2.6,0,0,0,?
95,Mathias,Jensen,MID,BRE,9,vv,"Jensen (MID, vv)",3.0,2.3,2.65,1.0305555555555554,0.0,1.325,1.1777778,-2,0,0,1,2.65,0,0,0,?
94,Vitaly,Janelt,MID,BRE,9,~,"Janelt (MID, ~)",2.2,2.3,2.25,0.875,0.0,1.125,1.0,-2,0,0,1,2.25,0,0,0,?
88,Nathan,Collins,DEF,BRE,12,vv,"Collins (DEF, vv)",3.0,2.0,2.5,0.9722222222222222,0.8333333333333333,0.0,0.9027778,-2,-3,0,1,2.5,0,0,0,?
89,Mikkel,Damsgaard,MID,BRE,7,~,"Damsgaard (MID, ~)",1.8,2.0,1.9,0.7388888888888888,0.0,0.95,0.8444444,-2,0,0,1,1.9,0,0,0,?
101,Christian,Nørgaard,MID,BRE,7,~,"Nørgaard (MID, ~)",1.8,1.7,1.75,0.6805555555555556,0.0,0.875,0.7777778,-2,0,0,1,1.75,0,0,0,?
98,Keane,Lewis-Potter,MID,BRE,6,^,"Lewis-Potter (MID, ^)",1.5,1.7,1.6,0.6222222222222222,0.0,0.8,0.7111111,-2,0,0,1,1.6,0,0,0,?
86,Kristoffer,Ajer,DEF,BRE,5,~,"Ajer (DEF, ~)",1.2,1.0,1.1,0.4277777777777778,0.3666666666666667,0.0,0.3972222,-2,-3,0,1,1.1,0,0,0,?
105,Mads,Roerslev Rasmussen,DEF,BRE,5,~,"Roerslev (DEF, ~)",1.2,1.0,1.1,0.4277777777777778,0.3666666666666667,0.0,0.3972222,-2,-3,0,1,1.1,0,0,0,?
314,Fábio,Freitas Gouveia Carvalho,MID,BRE,4,~,"Carvalho (MID, ~)",1.0,1.0,1.0,0.3888888888888889,0.0,0.5,0.4444444,-2,0,0,1,1.0,0,0,0,?
104,Ethan,Pinnock,DEF,BRE,3,^,"Pinnock (DEF, ^)",0.8,1.0,0.9,0.35000000000000003,0.3,0.0,0.325,-2,-3,0,1,0.9,0,0,0,?
338,Sepp,van den Berg,DEF,BRE,2,^,"Van den Berg (DEF, ^)",1.0,0.7,0.85,0.33055555555555555,0.2833333333333333,0.0,0.3069444,-2,-3,0,1,0.85,0,0,0,?
102,Frank,Onyeka,MID,BRE,2,vv,"Onyeka (MID, vv)",1.0,0.3,0.65,0.25277777777777777,0.0,0.325,0.2888889,-2,0,0,1,0.65,0,0,0,?
111,Yehor,Yarmoliuk,MID,BRE,1,^^^,"Yarmoliuk (MID, ^^^)",1.0,0.3,0.65,0.25277777777777777,0.0,0.325,0.2888889,-2,0,0,1,0.65,0,0,0,?
100,Ben,Mee,DEF,BRE,1,vv,"Mee (DEF, vv)",1.0,0.0,0.5,0.19444444444444445,0.16666666666666666,0.0,0.1805556,-2,-3,0,1,0.5,0,0,0,?
87,Ethan,Brierley,MID,BRE,0,?,"Brierley (MID, ?)",0.0,0.0,0.0,0.0,0.0,0.0,0.0,-2,0,0,1,0.0,0,0,0,?
90,Josh,Dasilva,MID,BRE,0,?,"Dasilva (MID, ?)",0.0,0.0,0.0,0.0,0.0,0.0,0.0,-2,0,0,1,0.0,0,0,0,?
92,Rico,Henry,DEF,BRE,0,?,"Henry (DEF, ?)",0.0,0.0,0.0,0.0,0.0,0.0,0.0,-2,-3,0,1,0.0,0,0,0,?
93,Aaron,Hickey,DEF,BRE,0,?,"Hickey (DEF, ?)",0.0,0.0,0.0,0.0,0.0,0.0,0.0,-2,-3,0,1,0.0,0,0,0,?
96,Kim,Ji-soo,DEF,BRE,0,?,"Ji-soo (DEF, ?)",0.0,0.0,0.0,0.0,0.0,0.0,0.0,-2,-3,0,1,0.0,0,0,0,?
97,Yunus Emre,Konak,MID,BRE,0,?,"Konak (MID, ?)",0.0,0.0,0.0,0.0,0.0,0.0,0.0,-2,0,0,1,0.0,0,0,0,?
103,Myles,Peart-Harris,MID,BRE,0,?,"Peart-Harris (MID, ?)",0.0,0.0,0.0,0.0,0.0,0.0,0.0,-2,0,0,1,0.0,0,0,0,?
107,Igor Thiago,Nascimento Rodrigues,FWD,BRE,0,?,"Thiago (FWD, ?)",0.0,0.0,0.0,0.0,0.0,0.0,0.0,-2,0,0,1,0.0,0,0,0,?
108,Ivan,Toney,FWD,BRE,0,?,"Toney (FWD, ?)",0.0,0.0,0.0,0.0,0.0,0.0,0.0,-2,0,0,1,0.0,0,0,0,?
109,Hákon,Valdimarsson,GKP,BRE,0,?,"Valdimarsson (GKP, ?)",0.0,0.0,0.0,0.0,0.0,0.0,0.0,-2,-3,0,1,0.0,0,0,0,?
112,Mathias,Jorgensen,DEF,BRE,0,?,"Zanka (DEF, ?)",0.0,0.0,0.0,0.0,0.0,0.0,0.0,-2,-3,0,1,0.0,0,0,0,?
602,Ryan,Trevitt,MID,BRE,0,?,"Trevitt (MID, ?)",0.0,0.0,0.0,0.0,0.0,0.0,0.0,-2,0,0,1,0.0,0,0,0,?
634,Gustavo,Nunes Fernandes Gomes,MID,BRE,0,?,"G.Nunes (MID, ?)",0.0,0.0,0.0,0.0,0.0,0.0,0.0,-2,0,0,1,0.0,0,0,0,?
649,Jayden,Meghoma,DEF,BRE,0,?,"Meghoma (DEF, ?)",0.0,0.0,0.0,0.0,0.0,0.0,0.0,-2,-3,0,1,0.0,0,0,0,?
182,Cole,Palmer,MID,CHE,28,vv,"Palmer (MID, vv)",7.0,8.7,7.85,4.7972222222222225,0.0,5.2333333333333325,5.0152778,2,0,3,1,7.85,0,0,0,?
177,Noni,Madueke,MID,CHE,25,vv,"Madueke (MID, vv)",8.3,8.3,8.3,5.072222222222223,0.0,5.533333333333333,5.3027778,2,0,3,1,8.3,0,0,0,?
185,Robert,Sánchez,GKP,CHE,20,^^^,"Sánchez (GKP, ^^^)",5.0,6.0,5.5,3.3611111111111116,3.6666666666666665,0.0,3.5138889,2,3,0,1,5.5,0,0,0,?
180,Nicolas,Jackson,FWD,CHE,19,vv,"N.Jackson (FWD, vv)",4.8,5.7,5.25,3.2083333333333335,0.0,3.5,3.3541667,2,0,3,1,5.25,0,0,0,?
181,Christopher,Nkunku,MID,CHE,10,^^^,"Nkunku (MID, ^^^)",2.5,3.0,2.75,1.6805555555555558,0.0,1.8333333333333333,1.7569444,2,0,3,1,2.75,0,0,0,?
189,Wesley,Fofana,DEF,CHE,10,^^^,"W.Fofana (DEF, ^^^)",2.5,3.0,2.75,1.6805555555555558,1.8333333333333333,0.0,1.7569444,2,3,0,1,2.75,0,0,0,?
162,Levi,Colwill,DEF,CHE,9,^^^,"Colwill (DEF, ^^^)",2.2,2.7,2.45,1.4972222222222225,1.6333333333333333,0.0,1.5652778,2,3,0,1,2.45,0,0,0,?
621,João,Félix Sequeira,MID,CHE,7,vv,"João Félix (MID, vv)",2.3,2.3,2.3,1.4055555555555557,0.0,1.5333333333333332,1.4694444,2,0,3,1,2.3,0,0,0,?
163,Marc,Cucurella Saseta,DEF,CHE,9,^^^,"Cucurella (DEF, ^^^)",2.2,2.3,2.25,1.375,1.5,0.0,1.4375,2,3,0,1,2.25,0,0,0,?
157,Moisés,Caicedo Corozo,MID,CHE,8,^^,"Caicedo (MID, ^^)",2.0,2.3,2.15,1.3138888888888889,0.0,1.4333333333333331,1.3736111,2,0,3,1,2.15,0,0,0,?
167,Axel,Disasi,DEF,CHE,6,^^^,"Disasi (DEF, ^^^)",6.0,2.0,4.0,2.4444444444444446,2.6666666666666665,0.0,2.5555556,2,3,0,1,4.0,0,0,0,?
560,Pedro,Lomba Neto,MID,CHE,6,v,"Neto (MID, v)",1.5,1.7,1.6,0.9777777777777779,0.0,1.0666666666666667,1.0222222,2,0,3,1,1.6,0,0,0,?
168,Enzo,Fernández,MID,CHE,6,vv,"Enzo (MID, vv)",2.0,1.3,1.65,1.0083333333333333,0.0,1.0999999999999999,1.0541667,2,0,3,1,1.65,0,0,0,?
386,Jadon,Sancho,MID,CHE,3,^^^,"Sancho (MID, ^^^)",3.0,1.0,2.0,1.2222222222222223,0.0,1.3333333333333333,1.2777778,2,0,3,1,2.0,0,0,0,?
184,Renato,Palma Veiga,MID,CHE,4,^^^,"Renato Veiga (MID, ^^^)",1.3,1.0,1.15,0.7027777777777778,0.0,0.7666666666666666,0.7347222,2,0,3,1,1.15,0,0,0,?
171,Malo,Gusto,DEF,CHE,3,vv,"Gusto (DEF, vv)",1.0,0.7,0.85,0.5194444444444445,0.5666666666666667,0.0,0.5430556,2,3,0,1,0.85,0,0,0,?
179,Mykhailo,Mudryk,MID,CHE,2,vv,"Mudryk (MID, vv)",1.0,0.7,0.85,0.5194444444444445,0.0,0.5666666666666667,0.5430556,2,0,3,1,0.85,0,0,0,?
166,Kiernan,Dewsbury-Hall,MID,CHE,2,vv,"Dewsbury-Hall (MID, vv)",1.0,0.3,0.65,0.39722222222222225,0.0,0.43333333333333335,0.4152778,2,0,3,1,0.65,0,0,0,?
187,Tosin,Adarabioyo,DEF,CHE,1,^^^,"Tosin (DEF, ^^^)",1.0,0.3,0.65,0.39722222222222225,0.43333333333333335,0.0,0.4152778,2,3,0,1,0.65,0,0,0,?
174,Roméo,Lavia,MID,CHE,2,vv,"Lavia (MID, vv)",2.0,0.0,1.0,0.6111111111111112,0.0,0.6666666666666666,0.6388889,2,0,3,1,1.0,0,0,0,?
178,Marc,Guiu Paz,FWD,CHE,1,vv,"Marc Guiu (FWD, vv)",1.0,0.0,0.5,0.3055555555555556,0.0,0.3333333333333333,0.3194444,2,0,3,1,0.5,0,0,0,?
150,Andrey,Nascimento dos Santos,MID,CHE,0,?,"Andrey Santos (MID, ?)",0.0,0.0,0.0,0.0,0.0,0.0,0.0,2,0,3,1,0.0,0,0,0,?
151,Ângelo Gabriel,Borges Damaceno,MID,CHE,0,?,"Ângelo (MID, ?)",0.0,0.0,0.0,0.0,0.0,0.0,0.0,2,0,3,1,0.0,0,0,0,?
153,Benoît,Badiashile,DEF,CHE,0,?,"B.Badiashile (DEF, ?)",0.0,0.0,0.0,0.0,0.0,0.0,0.0,2,3,0,1,0.0,0,0,0,?
154,Lucas,Bergström,GKP,CHE,0,?,"Bergström (GKP, ?)",0.0,0.0,0.0,0.0,0.0,0.0,0.0,2,3,0,1,0.0,0,0,0,?
155,Marcus,Bettinelli,GKP,CHE,0,?,"Bettinelli (GKP, ?)",0.0,0.0,0.0,0.0,0.0,0.0,0.0,2,3,0,1,0.0,0,0,0,?
158,Cesare,Casadei,MID,CHE,0,?,"Casadei (MID, ?)",0.0,0.0,0.0,0.0,0.0,0.0,0.0,2,0,3,1,0.0,0,0,0,?
160,Ben,Chilwell,DEF,CHE,0,?,"Chilwell (DEF, ?)",0.0,0.0,0.0,0.0,0.0,0.0,0.0,2,3,0,1,0.0,0,0,0,?
161,Carney,Chukwuemeka,MID,CHE,0,?,"Chukwuemeka (MID, ?)",0.0,0.0,0.0,0.0,0.0,0.0,0.0,2,0,3,1,0.0,0,0,0,?
164,David Datro,Fofana,FWD,CHE,0,?,"D.D.Fofana (FWD, ?)",0.0,0.0,0.0,0.0,0.0,0.0,0.0,2,0,3,1,0.0,0,0,0,?
165,Deivid Washington,de Souza Eugênio,FWD,CHE,0,?,"Deivid (FWD, ?)",0.0,0.0,0.0,0.0,0.0,0.0,0.0,2,0,3,1,0.0,0,0,0,?
169,Conor,Gallagher,MID,CHE,0,?,"Gallagher (MID, ?)",0.0,0.0,0.0,0.0,0.0,0.0,0.0,2,0,3,1,0.0,0,0,0,?
170,Alfie,Gilchrist,DEF,CHE,0,?,"Gilchrist (DEF, ?)",0.0,0.0,0.0,0.0,0.0,0.0,0.0,2,3,0,1,0.0,0,0,0,?
172,Reece,James,DEF,CHE,0,?,"James (DEF, ?)",0.0,0.0,0.0,0.0,0.0,0.0,0.0,2,3,0,1,0.0,0,0,0,?
173,Omari,Kellyman,MID,CHE,0,?,"Kellyman (MID, ?)",0.0,0.0,0.0,0.0,0.0,0.0,0.0,2,0,3,1,0.0,0,0,0,?
175,Romelu,Lukaku Bolingoli,FWD,CHE,0,?,"Lukaku (FWD, ?)",0.0,0.0,0.0,0.0,0.0,0.0,0.0,2,0,3,1,0.0,0,0,0,?
176,Malang,Sarr,DEF,CHE,0,?,"M.Sarr (DEF, ?)",0.0,0.0,0.0,0.0,0.0,0.0,0.0,2,3,0,1,0.0,0,0,0,?
183,Đorđe,Petrović,GKP,CHE,0,?,"Petrović (GKP, ?)",0.0,0.0,0.0,0.0,0.0,0.0,0.0,2,3,0,1,0.0,0,0,0,?
575,Caleb,Wiley,DEF,CHE,0,?,"Wiley (DEF, ?)",0.0,0.0,0.0,0.0,0.0,0.0,0.0,2,3,0,1,0.0,0,0,0,?
581,Filip,Jørgensen,GKP,CHE,0,?,"Jørgensen (GKP, ?)",0.0,0.0,0.0,0.0,0.0,0.0,0.0,2,3,0,1,0.0,0,0,0,?
207,Jean-Philippe,Mateta,FWD,CRY,18,^^^,"Mateta (FWD, ^^^)",4.5,5.7,5.1,1.133333333333333,0.0,0.5666666666666665,0.85,-5,0,-7,1,5.1,0,0,0,?
199,Eberechi,Eze,MID,CRY,16,v,"Eze (MID, v)",4.0,4.7,4.35,0.9666666666666666,0.0,0.4833333333333333,0.725,-5,0,-7,1,4.35,0,0,0,?
210,Tyrick,Mitchell,DEF,CRY,8,^^^,"Mitchell (DEF, ^^^)",2.0,2.3,2.15,0.47777777777777775,0.9555555555555555,0.0,0.7166667,-5,-1,0,1,2.15,0,0,0,?
201,Dean,Henderson,GKP,CRY,8,v,"Henderson (GKP, v)",2.0,2.0,2.0,0.4444444444444444,0.8888888888888888,0.0,0.6666667,-5,-1,0,1,2.0,0,0,0,?
216,Adam,Wharton,MID,CRY,8,~,"Wharton (MID, ~)",2.0,2.0,2.0,0.4444444444444444,0.0,0.2222222222222222,0.3333333,-5,0,-7,1,2.0,0,0,0,?
585,Ismaïla,Sarr,MID,CRY,7,^^^,"I.Sarr (MID, ^^^)",1.8,2.0,1.9,0.42222222222222217,0.0,0.21111111111111108,0.3166667,-5,0,-7,1,1.9,0,0,0,?
193,Cheick,Doucouré,MID,CRY,6,v,"C.Doucouré (MID, v)",2.0,1.7,1.85,0.4111111111111111,0.0,0.20555555555555555,0.3083333,-5,0,-7,1,1.85,0,0,0,?
205,Daichi,Kamada,MID,CRY,5,~,"Kamada (MID, ~)",1.2,1.3,1.25,0.2777777777777778,0.0,0.1388888888888889,0.2083333,-5,0,-7,1,1.25,0,0,0,?
200,Marc,Guéhi,DEF,CRY,4,~,"Guéhi (DEF, ~)",1.0,1.3,1.15,0.25555555555555554,0.5111111111111111,0.0,0.3833333,-5,-1,0,1,1.15,0,0,0,?
211,Daniel,Muñoz,DEF,CRY,7,v,"Muñoz (DEF, v)",1.8,1.0,1.4,0.31111111111111106,0.6222222222222221,0.0,0.4666667,-5,-1,0,1,1.4,0,0,0,?
196,Nathaniel,Clyne,DEF,CRY,3,~,"Clyne (DEF, ~)",1.5,1.0,1.25,0.2777777777777778,0.5555555555555556,0.0,0.4166667,-5,-1,0,1,1.25,0,0,0,?
194,Chris,Richards,DEF,CRY,3,vv,"C.Richards (DEF, vv)",1.0,1.0,1.0,0.2222222222222222,0.4444444444444444,0.0,0.3333333,-5,-1,0,1,1.0,0,0,0,?
214,Jeffrey,Schlupp,MID,CRY,3,~,"Schlupp (MID, ~)",1.0,1.0,1.0,0.2222222222222222,0.0,0.1111111111111111,0.1666667,-5,0,-7,1,1.0,0,0,0,?
650,Maxence,Lacroix,DEF,CRY,1,^^^,"Lacroix (DEF, ^^^)",1.0,1.0,1.0,0.2222222222222222,0.4444444444444444,0.0,0.3333333,-5,-1,0,1,1.0,0,0,0,?
11,Eddie,Nketiah,FWD,CRY,2,^^^,"Nketiah (FWD, ^^^)",2.0,0.7,1.35,0.3,0.0,0.15,0.225,-5,0,-7,1,1.35,0,0,0,?
206,Jefferson,Lerma Solís,MID,CRY,3,vv,"Lerma (MID, vv)",1.5,0.7,1.1,0.24444444444444446,0.0,0.12222222222222223,0.1833333,-5,0,-7,1,1.1,0,0,0,?
203,Will,Hughes,MID,CRY,3,~,"Hughes (MID, ~)",1.0,0.3,0.65,0.14444444444444443,0.0,0.07222222222222222,0.1083333,-5,0,-7,1,0.65,0,0,0,?
195,Chadi,Riad Dnanou,DEF,CRY,1,vv,"Chadi Riad (DEF, vv)",1.0,0.3,0.65,0.14444444444444443,0.28888888888888886,0.0,0.2166667,-5,-1,0,1,0.65,0,0,0,?
159,Trevoh,Chalobah,DEF,CRY,0,?,"Chalobah (DEF, ?)",0.0,0.0,0.0,0.0,0.0,0.0,0.0,-5,-1,0,1,0.0,0,0,0,?
190,Naouirou,Ahamada,MID,CRY,0,?,"Ahamada (MID, ?)",0.0,0.0,0.0,0.0,0.0,0.0,0.0,-5,0,-7,1,0.0,0,0,0,?
197,Malcolm,Ebiowei,MID,CRY,0,?,"Ebiowei (MID, ?)",0.0,0.0,0.0,0.0,0.0,0.0,0.0,-5,0,-7,1,0.0,0,0,0,?
202,Rob,Holding,DEF,CRY,0,?,"Holding (DEF, ?)",0.0,0.0,0.0,0.0,0.0,0.0,0.0,-5,-1,0,1,0.0,0,0,0,?
208,Matheus,França de Oliveira,MID,CRY,0,?,"M.França (MID, ?)",0.0,0.0,0.0,0.0,0.0,0.0,0.0,-5,0,-7,1,0.0,0,0,0,?
209,Remi,Matthews,GKP,CRY,0,?,"Matthews (GKP, ?)",0.0,0.0,0.0,0.0,0.0,0.0,0.0,-5,-1,0,1,0.0,0,0,0,?
212,David,Ozoh,MID,CRY,0,?,"Ozoh (MID, ?)",0.0,0.0,0.0,0.0,0.0,0.0,0.0,-5,0,-7,1,0.0,0,0,0,?
213,Jesurun,Rak-Sakyi,MID,CRY,0,?,"Rak-Sakyi (MID, ?)",0.0,0.0,0.0,0.0,0.0,0.0,0.0,-5,0,-7,1,0.0,0,0,0,?
215,Joel,Ward,DEF,CRY,0,?,"Ward (DEF, ?)",0.0,0.0,0.0,0.0,0.0,0.0,0.0,-5,-1,0,1,0.0,0,0,0,?
445,Matt,Turner,GKP,CRY,0,?,"Turner (GKP, ?)",0.0,0.0,0.0,0.0,0.0,0.0,0.0,-5,-1,0,1,0.0,0,0,0,?
644,Franco,Umeh-Chibueze,MID,CRY,0,?,"Umeh-Chibueze (MID, ?)",0.0,0.0,0.0,0.0,0.0,0.0,0.0,-5,0,-7,1,0.0,0,0,0,?
645,Justin,Devenny,MID,CRY,0,?,"Devenny (MID, ?)",0.0,0.0,0.0,0.0,0.0,0.0,0.0,-5,0,-7,1,0.0,0,0,0,?
646,Asher,Agbinone,MID,CRY,0,?,"Agbinone (MID, ?)",0.0,0.0,0.0,0.0,0.0,0.0,0.0,-5,0,-7,1,0.0,0,0,0,?
647,Kaden,Rodney,MID,CRY,0,?,"Rodney (MID, ?)",0.0,0.0,0.0,0.0,0.0,0.0,0.0,-5,0,-7,1,0.0,0,0,0,?
220,Dominic,Calvert-Lewin,FWD,EVE,22,~,"Calvert-Lewin (FWD, ~)",5.5,6.7,6.1,2.3722222222222222,0.0,3.388888888888889,2.8805556,-2,0,1,1,6.1,0,0,0,?
230,Dwight,McNeil,MID,EVE,22,^^^,"McNeil (MID, ^^^)",5.5,6.7,6.1,2.3722222222222222,0.0,3.388888888888889,2.8805556,-2,0,1,1,6.1,0,0,0,?
228,Michael,Keane,DEF,EVE,8,v,"Keane (DEF, v)",2.0,2.3,2.15,0.8361111111111111,0.5972222222222222,0.0,0.7166667,-2,-4,0,1,2.15,0,0,0,?
222,Idrissa,Gueye,MID,EVE,8,~,"Gana (MID, ~)",2.0,2.0,2.0,0.7777777777777778,0.0,1.1111111111111112,0.9444444,-2,0,1,1,2.0,0,0,0,?
224,Jack,Harrison,MID,EVE,7,~,"Harrison (MID, ~)",1.8,1.7,1.75,0.6805555555555556,0.0,0.9722222222222223,0.8263889,-2,0,1,1,1.75,0,0,0,?
235,Jordan,Pickford,GKP,EVE,6,^,"Pickford (GKP, ^)",1.5,1.7,1.6,0.6222222222222222,0.4444444444444445,0.0,0.5333333,-2,-4,0,1,1.6,0,0,0,?
226,Tim,Iroegbunam,MID,EVE,6,v,"Iroegbunam (MID, v)",1.5,1.3,1.4,0.5444444444444444,0.0,0.7777777777777778,0.6611111,-2,0,1,1,1.4,0,0,0,?
232,Iliman,Ndiaye,FWD,EVE,5,~,"Ndiaye (FWD, ~)",1.2,1.3,1.25,0.4861111111111111,0.0,0.6944444444444444,0.5902778,-2,0,1,1,1.25,0,0,0,?
218,Norberto Bercique,Gomes Betuncal,FWD,EVE,4,~,"Beto (FWD, ~)",1.0,1.0,1.0,0.3888888888888889,0.0,0.5555555555555556,0.4722222,-2,0,1,1,1.0,0,0,0,?
651,Orel,Mangala,MID,EVE,1,^^^,"Mangala (MID, ^^^)",1.0,1.0,1.0,0.3888888888888889,0.0,0.5555555555555556,0.4722222,-2,0,1,1,1.0,0,0,0,?
223,James,Garner,MID,EVE,2,^^^,"Garner (MID, ^^^)",2.0,0.7,1.35,0.525,0.0,0.7500000000000001,0.6375,-2,0,1,1,1.35,0,0,0,?
217,Abdoulaye,Doucouré,MID,EVE,4,vv,"A.Doucoure (MID, vv)",1.3,0.7,1.0,0.3888888888888889,0.0,0.5555555555555556,0.4722222,-2,0,1,1,1.0,0,0,0,?
577,Jesper,Lindstrøm,MID,EVE,2,^,"Lindstrøm (MID, ^)",1.0,0.7,0.85,0.33055555555555555,0.0,0.4722222222222222,0.4013889,-2,0,1,1,0.85,0,0,0,?
231,Vitalii,Mykolenko,DEF,EVE,3,^,"Mykolenko (DEF, ^)",0.8,0.7,0.75,0.2916666666666667,0.20833333333333334,0.0,0.25,-2,-4,0,1,0.75,0,0,0,?
236,James,Tarkowski,DEF,EVE,2,^^^,"Tarkowski (DEF, ^^^)",0.5,0.7,0.6,0.23333333333333334,0.16666666666666666,0.0,0.2,-2,-4,0,1,0.6,0,0,0,?
221,Séamus,Coleman,DEF,EVE,1,vv,"Coleman (DEF, vv)",1.0,0.3,0.65,0.25277777777777777,0.18055555555555558,0.0,0.2166667,-2,-4,0,1,0.65,0,0,0,?
603,Harrison,Armstrong,MID,EVE,1,vv,"Armstrong (MID, vv)",1.0,0.3,0.65,0.25277777777777777,0.0,0.36111111111111116,0.3069444,-2,0,1,1,0.65,0,0,0,?
225,Mason,Holgate,DEF,EVE,1,vv,"Holgate (DEF, vv)",1.0,0.0,0.5,0.19444444444444445,0.1388888888888889,0.0,0.1666667,-2,-4,0,1,0.5,0,0,0,?
156,Armando,Broja,FWD,EVE,0,?,"Broja (FWD, ?)",0.0,0.0,0.0,0.0,0.0,0.0,0.0,-2,0,1,1,0.0,0,0,0,?
219,Jarrad,Branthwaite,DEF,EVE,0,?,"Branthwaite (DEF, ?)",0.0,0.0,0.0,0.0,0.0,0.0,0.0,-2,-4,0,1,0.0,0,0,0,?
227,João,Neves Virgínia,GKP,EVE,0,?,"J.Virginia (GKP, ?)",0.0,0.0,0.0,0.0,0.0,0.0,0.0,-2,-4,0,1,0.0,0,0,0,?
229,Neal,Maupay,FWD,EVE,0,?,"Maupay (FWD, ?)",0.0,0.0,0.0,0.0,0.0,0.0,0.0,-2,0,1,1,0.0,0,0,0,?
234,Nathan,Patterson,DEF,EVE,0,?,"Patterson (DEF, ?)",0.0,0.0,0.0,0.0,0.0,0.0,0.0,-2,-4,0,1,0.0,0,0,0,?
237,Youssef,Ramalho Chermiti,FWD,EVE,0,?,"Y. Chermiti (FWD, ?)",0.0,0.0,0.0,0.0,0.0,0.0,0.0,-2,0,1,1,0.0,0,0,0,?
582,Jake,O'Brien,DEF,EVE,0,?,"O'Brien (DEF, ?)",0.0,0.0,0.0,0.0,0.0,0.0,0.0,-2,-4,0,1,0.0,0,0,0,?
614,Jenson,Metcalfe,MID,EVE,0,?,"Metcalfe (MID, ?)",0.0,0.0,0.0,0.0,0.0,0.0,0.0,-2,0,1,1,0.0,0,0,0,?
624,Asmir,Begovic,GKP,EVE,0,?,"Begovic (GKP, ?)",0.0,0.0,0.0,0.0,0.0,0.0,0.0,-2,-4,0,1,0.0,0,0,0,?
627,Roman,Dixon,DEF,EVE,0,?,"Dixon (DEF, ?)",0.0,0.0,0.0,0.0,0.0,0.0,0.0,-2,-4,0,1,0.0,0,0,0,?
238,Ashley,Young,DEF,EVE,-2,vv,"Young (DEF, vv)",-1.0,0.0,-0.5,-0.19444444444444445,-0.1388888888888889,0.0,-0.1666667,-2,-4,0,1,-0.5,0,0,0,?
19,Emile,Smith Rowe,MID,FUL,22,^,"Smith Rowe (MID, ^)",5.5,6.3,5.9,2.2944444444444447,0.0,2.2944444444444447,2.2944444,-2,0,-2,1,5.9,0,0,0,?
239,Adama,Traoré,MID,FUL,19,vv,"Adama (MID, vv)",4.8,5.3,5.05,1.9638888888888888,0.0,1.9638888888888888,1.9638889,-2,0,-2,1,5.05,0,0,0,?
247,Alex,Iwobi,MID,FUL,15,~,"Iwobi (MID, ~)",3.8,4.3,4.05,1.575,0.0,1.575,1.575,-2,0,-2,1,4.05,0,0,0,?
255,Antonee,Robinson,DEF,FUL,15,v,"Robinson (DEF, v)",3.8,4.3,4.05,1.575,1.575,0.0,1.575,-2,-2,0,1,4.05,0,0,0,?
252,Raúl,Jiménez,FWD,FUL,12,^^^,"Raúl (FWD, ^^^)",3.0,3.7,3.35,1.3027777777777778,0.0,1.3027777777777778,1.3027778,-2,0,-2,1,3.35,0,0,0,?
248,Bernd,Leno,GKP,FUL,11,~,"Leno (GKP, ~)",2.8,2.7,2.75,1.0694444444444444,1.0694444444444444,0.0,1.0694444,-2,-2,0,1,2.75,0,0,0,?
240,Andreas,Hoelgebaum Pereira,MID,FUL,8,^^,"Andreas (MID, ^^)",2.0,2.3,2.15,0.8361111111111111,0.0,0.8361111111111111,0.8361111,-2,0,-2,1,2.15,0,0,0,?
257,Kenny,Tete,DEF,FUL,8,~,"Tete (DEF, ~)",2.0,2.0,2.0,0.7777777777777778,0.7777777777777778,0.0,0.7777778,-2,-2,0,1,2.0,0,0,0,?
241,Calvin,Bassey,DEF,FUL,7,~,"Bassey (DEF, ~)",1.8,2.0,1.9,0.7388888888888888,0.7388888888888888,0.0,0.7388889,-2,-2,0,1,1.9,0,0,0,?
249,Saša,Lukić,MID,FUL,7,~,"Lukić (MID, ~)",1.8,1.7,1.75,0.6805555555555556,0.0,0.6805555555555556,0.6805556,-2,0,-2,1,1.75,0,0,0,?
251,Rodrigo,Muniz Carvalho,FWD,FUL,7,v,"Muniz (FWD, v)",1.8,1.7,1.75,0.6805555555555556,0.0,0.6805555555555556,0.6805556,-2,0,-2,1,1.75,0,0,0,?
245,Issa,Diop,DEF,FUL,6,vv,"Diop (DEF, vv)",2.0,1.3,1.65,0.6416666666666666,0.6416666666666666,0.0,0.6416667,-2,-2,0,1,1.65,0,0,0,?
254,Harrison,Reed,MID,FUL,4,~,"Reed (MID, ~)",1.0,1.0,1.0,0.3888888888888889,0.0,0.3888888888888889,0.3888889,-2,0,-2,1,1.0,0,0,0,?
191,Joachim,Andersen,DEF,FUL,2,^^^,"Andersen (DEF, ^^^)",1.0,0.7,0.85,0.33055555555555555,0.33055555555555555,0.0,0.3305556,-2,-2,0,1,0.85,0,0,0,?
622,Sander,Berge,MID,FUL,2,~,"Berge (MID, ~)",1.0,0.7,0.85,0.33055555555555555,0.0,0.33055555555555555,0.3305556,-2,0,-2,1,0.85,0,0,0,?
243,Tom,Cairney,MID,FUL,2,^^^,"Cairney (MID, ^^^)",0.5,0.7,0.6,0.23333333333333334,0.0,0.23333333333333334,0.2333333,-2,0,-2,1,0.6,0,0,0,?
259,Harry,Wilson,MID,FUL,2,vv,"Wilson (MID, vv)",0.7,0.3,0.5,0.19444444444444445,0.0,0.19444444444444445,0.1944444,-2,0,-2,1,0.5,0,0,0,?
10,Reiss,Nelson,MID,FUL,1,vv,"Nelson (MID, vv)",0.5,0.3,0.4,0.15555555555555556,0.0,0.15555555555555556,0.1555556,-2,0,-2,1,0.4,0,0,0,?
256,Jay,Stansfield,FWD,FUL,1,vv,"Stansfield (FWD, vv)",1.0,0.0,0.5,0.19444444444444445,0.0,0.19444444444444445,0.1944444,-2,0,-2,1,0.5,0,0,0,?
242,Steven,Benda,GKP,FUL,0,?,"Benda (GKP, ?)",0.0,0.0,0.0,0.0,0.0,0.0,0.0,-2,-2,0,1,0.0,0,0,0,?
244,Timothy,Castagne,DEF,FUL,0,?,"Castagne (DEF, ?)",0.0,0.0,0.0,0.0,0.0,0.0,0.0,-2,-2,0,1,0.0,0,0,0,?
246,Luke,Harris,MID,FUL,0,?,"Harris (MID, ?)",0.0,0.0,0.0,0.0,0.0,0.0,0.0,-2,0,-2,1,0.0,0,0,0,?
250,Kevin,Mbabu,DEF,FUL,0,?,"Mbabu (DEF, ?)",0.0,0.0,0.0,0.0,0.0,0.0,0.0,-2,-2,0,1,0.0,0,0,0,?
253,Tim,Ream,DEF,FUL,0,?,"Ream (DEF, ?)",0.0,0.0,0.0,0.0,0.0,0.0,0.0,-2,-2,0,1,0.0,0,0,0,?
258,Carlos Vinícius,Alves Morais,FWD,FUL,0,?,"Vinicius (FWD, ?)",0.0,0.0,0.0,0.0,0.0,0.0,0.0,-2,0,-2,1,0.0,0,0,0,?
579,Ryan,Sessegnon,DEF,FUL,0,?,"Sessegnon (DEF, ?)",0.0,0.0,0.0,0.0,0.0,0.0,0.0,-2,-2,0,1,0.0,0,0,0,?
586,Jorge,Cuenca Barreno,DEF,FUL,0,?,"J.Cuenca (DEF, ?)",0.0,0.0,0.0,0.0,0.0,0.0,0.0,-2,-2,0,1,0.0,0,0,0,?
604,Josh,King,MID,FUL,0,?,"King (MID, ?)",0.0,0.0,0.0,0.0,0.0,0.0,0.0,-2,0,-2,1,0.0,0,0,0,?
605,Martial,Godo,MID,FUL,0,?,"Godo (MID, ?)",0.0,0.0,0.0,0.0,0.0,0.0,0.0,-2,0,-2,1,0.0,0,0,0,?
568,Arijanet,Muric,GKP,IPS,14,^^^,"Muric (GKP, ^^^)",4.7,4.7,4.7,2.8722222222222227,3.3944444444444444,0.0,3.1333333,2,4,0,1,4.7,0,0,0,?
267,Leif,Davis,DEF,IPS,14,^^^,"Davis (DEF, ^^^)",3.5,4.3,3.9,2.3833333333333333,2.8166666666666664,0.0,2.6,2,4,0,1,3.9,0,0,0,?
630,Dara,O'Shea,DEF,IPS,7,^^^,"O'Shea (DEF, ^^^)",7.0,3.5,5.25,3.2083333333333335,3.7916666666666665,0.0,3.5,2,4,0,1,5.25,0,0,0,?
268,Liam,Delap,FWD,IPS,12,vv,"Delap (FWD, vv)",3.0,3.3,3.15,1.925,0.0,1.4,1.6625,2,0,-1,1,3.15,0,0,0,?
611,Sam,Szmodics,MID,IPS,10,vv,"Szmodics (MID, vv)",2.5,3.0,2.75,1.6805555555555558,0.0,1.222222222222222,1.4513889,2,0,-1,1,2.75,0,0,0,?
270,Jacob,Greaves,DEF,IPS,9,^^^,"Greaves (DEF, ^^^)",2.2,2.7,2.45,1.4972222222222225,1.7694444444444446,0.0,1.6333333,2,4,0,1,2.45,0,0,0,?
282,Axel,Tuanzebe,DEF,IPS,9,^^^,"Tuanzebe (DEF, ^^^)",2.2,2.7,2.45,1.4972222222222225,1.7694444444444446,0.0,1.6333333,2,4,0,1,2.45,0,0,0,?
274,Omari,Giraud-Hutchinson,MID,IPS,7,~,"Hutchinson (MID, ~)",1.8,2.0,1.9,1.1611111111111112,0.0,0.8444444444444443,1.0027778,2,0,-1,1,1.9,0,0,0,?
632,Chiedozie,Ogbene,MID,IPS,3,v,"Ogbene (MID, v)",1.5,1.5,1.5,0.9166666666666667,0.0,0.6666666666666666,0.7916667,2,0,-1,1,1.5,0,0,0,?
359,Kalvin,Phillips,MID,IPS,4,^,"Phillips (MID, ^)",2.0,1.3,1.65,1.0083333333333333,0.0,0.7333333333333333,0.8708333,2,0,-1,1,1.65,0,0,0,?
278,Sam,Morsy,MID,IPS,6,^,"Morsy (MID, ^)",1.5,1.3,1.4,0.8555555555555556,0.0,0.6222222222222221,0.7388889,2,0,-1,1,1.4,0,0,0,?
277,Massimo,Luongo,MID,IPS,5,v,"Luongo (MID, v)",1.7,1.0,1.35,0.8250000000000001,0.0,0.6,0.7125,2,0,-1,1,1.35,0,0,0,?
275,Ben,Johnson,DEF,IPS,3,vv,"Johnson (DEF, vv)",1.5,1.0,1.25,0.763888888888889,0.9027777777777778,0.0,0.8333333,2,4,0,1,1.25,0,0,0,?
265,Conor,Chaplin,MID,IPS,5,~,"Chaplin (MID, ~)",1.2,1.0,1.1,0.6722222222222223,0.0,0.48888888888888893,0.5805556,2,0,-1,1,1.1,0,0,0,?
631,Jack,Clarke,MID,IPS,2,~,"J.Clarke (MID, ~)",1.0,1.0,1.0,0.6111111111111112,0.0,0.4444444444444444,0.5277778,2,0,-1,1,1.0,0,0,0,?
284,Luke,Woolfenden,DEF,IPS,2,vv,"Woolfenden (DEF, vv)",0.7,0.7,0.7,0.4277777777777778,0.5055555555555555,0.0,0.4666667,2,4,0,1,0.7,0,0,0,?
271,Marcus,Myers-Harness,MID,IPS,2,vv,"Harness (MID, vv)",1.0,0.3,0.65,0.39722222222222225,0.0,0.28888888888888886,0.3430556,2,0,-1,1,0.65,0,0,0,?
281,Jack,Taylor,MID,IPS,2,vv,"Taylor (MID, vv)",1.0,0.3,0.65,0.39722222222222225,0.0,0.28888888888888886,0.3430556,2,0,-1,1,0.65,0,0,0,?
269,George,Edmundson,DEF,IPS,1,vv,"Edmundson (DEF, vv)",1.0,0.3,0.65,0.39722222222222225,0.46944444444444444,0.0,0.4333333,2,4,0,1,0.65,0,0,0,?
272,George,Hirst,FWD,IPS,1,^^^,"Hirst (FWD, ^^^)",1.0,0.3,0.65,0.39722222222222225,0.0,0.28888888888888886,0.3430556,2,0,-1,1,0.65,0,0,0,?
619,Jens,Cajuste,MID,IPS,1,vv,"Cajuste (MID, vv)",1.0,0.3,0.65,0.39722222222222225,0.0,0.28888888888888886,0.3430556,2,0,-1,1,0.65,0,0,0,?
264,Wes,Burns,MID,IPS,1,^^^,"Burns (MID, ^^^)",0.5,0.3,0.4,0.24444444444444446,0.0,0.17777777777777778,0.2111111,2,0,-1,1,0.4,0,0,0,?
283,Christian,Walton,GKP,IPS,2,vv,"Walton (GKP, vv)",2.0,0.0,1.0,0.6111111111111112,0.7222222222222222,0.0,0.6666667,2,4,0,1,1.0,0,0,0,?
260,Ali,Al-Hamadi,FWD,IPS,1,vv,"Al-Hamadi (FWD, vv)",0.3,0.0,0.15,0.09166666666666667,0.0,0.06666666666666667,0.0791667,2,0,-1,1,0.15,0,0,0,?
261,Elkan,Baggott,DEF,IPS,0,?,"Baggott (DEF, ?)",0.0,0.0,0.0,0.0,0.0,0.0,0.0,2,4,0,1,0.0,0,0,0,?
262,Nathan,Broadhead,MID,IPS,0,?,"Broadhead (MID, ?)",0.0,0.0,0.0,0.0,0.0,0.0,0.0,2,0,-1,1,0.0,0,0,0,?
263,Cameron,Burgess,DEF,IPS,0,?,"Burgess (DEF, ?)",0.0,0.0,0.0,0.0,0.0,0.0,0.0,2,4,0,1,0.0,0,0,0,?
266,Harry,Clarke,DEF,IPS,0,?,"H.Clarke (DEF, ?)",0.0,0.0,0.0,0.0,0.0,0.0,0.0,2,4,0,1,0.0,0,0,0,?
273,Cameron,Humphreys,MID,IPS,0,?,"Humphreys (MID, ?)",0.0,0.0,0.0,0.0,0.0,0.0,0.0,2,0,-1,1,0.0,0,0,0,?
276,Freddie,Ladapo,FWD,IPS,0,?,"Ladapo (FWD, ?)",0.0,0.0,0.0,0.0,0.0,0.0,0.0,2,0,-1,1,0.0,0,0,0,?
279,Corrie,Ndaba,DEF,IPS,0,?,"Ndaba (DEF, ?)",0.0,0.0,0.0,0.0,0.0,0.0,0.0,2,4,0,1,0.0,0,0,0,?
280,Cieran,Slicker,GKP,IPS,0,?,"Slicker (GKP, ?)",0.0,0.0,0.0,0.0,0.0,0.0,0.0,2,4,0,1,0.0,0,0,0,?
583,Conor,Townsend,DEF,IPS,0,?,"Townsend (DEF, ?)",0.0,0.0,0.0,0.0,0.0,0.0,0.0,2,4,0,1,0.0,0,0,0,?
300,Wilfred,Ndidi,MID,LEI,17,^^^,"Ndidi (MID, ^^^)",4.2,5.0,4.6,2.8111111111111113,0.0,3.322222222222222,3.0666667,2,0,4,1,4.6,0,0,0,?
306,Jamie,Vardy,FWD,LEI,19,^^^,"Vardy (FWD, ^^^)",4.8,3.7,4.25,2.5972222222222223,0.0,3.069444444444444,2.8333333,2,0,4,1,4.25,0,0,0,?
117,Facundo,Buonanotte,MID,LEI,13,vv,"Buonanotte (MID, vv)",4.3,3.7,4.0,2.4444444444444446,0.0,2.888888888888889,2.6666667,2,0,4,1,4.0,0,0,0,?
291,Wout,Faes,DEF,LEI,10,vv,"Faes (DEF, vv)",2.5,3.0,2.75,1.6805555555555558,1.222222222222222,0.0,1.4513889,2,-1,0,1,2.75,0,0,0,?
298,Stephy,Mavididi,MID,LEI,10,^^^,"Mavididi (MID, ^^^)",2.5,3.0,2.75,1.6805555555555558,0.0,1.9861111111111112,1.8333333,2,0,4,1,2.75,0,0,0,?
570,Abdul,Fatawu,MID,LEI,13,vv,"A.Fatawu (MID, vv)",3.2,1.7,2.45,1.4972222222222225,0.0,1.7694444444444446,1.6333333,2,0,4,1,2.45,0,0,0,?
293,Mads,Hermansen,GKP,LEI,8,v,"Hermansen (GKP, v)",2.0,1.7,1.85,1.1305555555555558,0.8222222222222222,0.0,0.9763889,2,-1,0,1,1.85,0,0,0,?
309,Harry,Winks,MID,LEI,7,~,"Winks (MID, ~)",1.8,1.7,1.75,1.0694444444444446,0.0,1.2638888888888888,1.1666667,2,0,4,1,1.75,0,0,0,?
501,Oliver,Skipp,MID,LEI,4,^^^,"Skipp (MID, ^^^)",1.3,1.3,1.3,0.7944444444444445,0.0,0.9388888888888889,0.8666667,2,0,4,1,1.3,0,0,0,?
192,Jordan,Ayew,MID,LEI,4,~,"J.Ayew (MID, ~)",1.0,1.3,1.15,0.7027777777777778,0.0,0.8305555555555555,0.7666667,2,0,4,1,1.15,0,0,0,?
290,Bobby,De Cordova-Reid,MID,LEI,5,vv,"De Cordova-Reid (MID, vv)",1.7,1.0,1.35,0.8250000000000001,0.0,0.9750000000000001,0.9,2,0,4,1,1.35,0,0,0,?
295,James,Justin,DEF,LEI,5,~,"Justin (DEF, ~)",1.2,1.0,1.1,0.6722222222222223,0.48888888888888893,0.0,0.5805556,2,-1,0,1,1.1,0,0,0,?
198,Odsonne,Edouard,FWD,LEI,3,vv,"Edouard (FWD, vv)",1.5,0.7,1.1,0.6722222222222223,0.0,0.7944444444444445,0.7333333,2,0,4,1,1.1,0,0,0,?
296,Victor,Kristiansen,DEF,LEI,4,~,"Kristiansen (DEF, ~)",1.0,0.7,0.85,0.5194444444444445,0.37777777777777777,0.0,0.4486111,2,-1,0,1,0.85,0,0,0,?
299,Kasey,McAteer,MID,LEI,3,vv,"McAteer (MID, vv)",1.0,0.7,0.85,0.5194444444444445,0.0,0.6138888888888888,0.5666667,2,0,4,1,0.85,0,0,0,?
635,Bilal,El Khannouss,MID,LEI,1,vv,"El Khannouss (MID, vv)",1.0,0.5,0.75,0.45833333333333337,0.0,0.5416666666666666,0.5,2,0,4,1,0.75,0,0,0,?
287,Hamza,Choudhury,MID,LEI,1,^^^,"Choudhury (MID, ^^^)",1.0,0.3,0.65,0.39722222222222225,0.0,0.46944444444444444,0.4333333,2,0,4,1,0.65,0,0,0,?
301,Caleb,Okoli,DEF,LEI,1,^^^,"Okoli (DEF, ^^^)",0.5,0.3,0.4,0.24444444444444446,0.17777777777777778,0.0,0.2111111,2,-1,0,1,0.4,0,0,0,?
307,Jannik,Vestergaard,DEF,LEI,2,vv,"Vestergaard (DEF, vv)",1.0,0.0,0.5,0.3055555555555556,0.2222222222222222,0.0,0.2638889,2,-1,0,1,0.5,0,0,0,?
285,Boubakary,Soumaré,MID,LEI,1,vv,"B.Soumaré (MID, vv)",1.0,0.0,0.5,0.3055555555555556,0.0,0.3611111111111111,0.3333333,2,0,4,1,0.5,0,0,0,?
286,Tom,Cannon,FWD,LEI,0,?,"Cannon (FWD, ?)",0.0,0.0,0.0,0.0,0.0,0.0,0.0,2,0,4,1,0.0,0,0,0,?
288,Conor,Coady,DEF,LEI,0,?,"Coady (DEF, ?)",0.0,0.0,0.0,0.0,0.0,0.0,0.0,2,-1,0,1,0.0,0,0,0,?
289,Patson,Daka,FWD,LEI,0,?,"Daka (FWD, ?)",0.0,0.0,0.0,0.0,0.0,0.0,0.0,2,0,4,1,0.0,0,0,0,?
292,Michael,Golding,MID,LEI,0,?,"Golding (MID, ?)",0.0,0.0,0.0,0.0,0.0,0.0,0.0,2,0,4,1,0.0,0,0,0,?
294,Daniel,Iversen,GKP,LEI,0,?,"Iversen (GKP, ?)",0.0,0.0,0.0,0.0,0.0,0.0,0.0,2,-1,0,1,0.0,0,0,0,?
297,Wanya,Marçal-Madivádua,MID,LEI,0,?,"Marcal (MID, ?)",0.0,0.0,0.0,0.0,0.0,0.0,0.0,2,0,4,1,0.0,0,0,0,?
302,Ricardo,Barbosa Pereira,DEF,LEI,0,?,"Ricardo (DEF, ?)",0.0,0.0,0.0,0.0,0.0,0.0,0.0,2,-1,0,1,0.0,0,0,0,?
303,Harry,Souttar,DEF,LEI,0,?,"Souttar (DEF, ?)",0.0,0.0,0.0,0.0,0.0,0.0,0.0,2,-1,0,1,0.0,0,0,0,?
304,Jakub,Stolarczyk,GKP,LEI,0,?,"Stolarczyk (GKP, ?)",0.0,0.0,0.0,0.0,0.0,0.0,0.0,2,-1,0,1,0.0,0,0,0,?
305,Luke,Thomas,DEF,LEI,0,?,"Thomas (DEF, ?)",0.0,0.0,0.0,0.0,0.0,0.0,0.0,2,-1,0,1,0.0,0,0,0,?
308,Danny,Ward,GKP,LEI,0,?,"Ward (GKP, ?)",0.0,0.0,0.0,0.0,0.0,0.0,0.0,2,-1,0,1,0.0,0,0,0,?
606,Will,Alves,MID,LEI,0,?,"Alves (MID, ?)",0.0,0.0,0.0,0.0,0.0,0.0,0.0,2,0,4,1,0.0,0,0,0,?
616,Ben,Nelson,DEF,LEI,0,?,"Nelson (DEF, ?)",0.0,0.0,0.0,0.0,0.0,0.0,0.0,2,-1,0,1,0.0,0,0,0,?
327,Luis,Díaz,MID,LIV,35,vv,"Luis Díaz (MID, vv)",8.8,10.7,9.75,8.125,0.0,8.125,8.125,6,0,6,1,9.75,0,0,0,?
328,Mohamed,Salah,MID,LIV,43,vv,"M.Salah (MID, vv)",10.8,9.7,10.25,8.541666666666668,0.0,8.541666666666668,8.5416667,6,0,6,1,10.25,0,0,0,?
310,Alisson,Ramses Becker,GKP,LIV,23,vv,"A.Becker (GKP, vv)",5.8,5.3,5.55,4.625,4.008333333333333,0.0,4.3166667,6,4,0,1,5.55,0,0,0,?
326,Ibrahima,Konaté,DEF,LIV,16,v,"Konaté (DEF, v)",4.0,5.0,4.5,3.75,3.25,0.0,3.5,6,4,0,1,4.5,0,0,0,?
339,Virgil,van Dijk,DEF,LIV,20,vv,"Virgil (DEF, vv)",5.0,4.7,4.85,4.041666666666667,3.5027777777777773,0.0,3.7722222,6,4,0,1,4.85,0,0,0,?
311,Trent,Alexander-Arnold,DEF,LIV,21,vv,"Alexander-Arnold (DEF, vv)",5.2,4.3,4.75,3.9583333333333335,3.4305555555555554,0.0,3.6944444,6,4,0,1,4.75,0,0,0,?
335,Andrew,Robertson,DEF,LIV,19,vv,"Robertson (DEF, vv)",4.8,4.3,4.55,3.7916666666666665,3.286111111111111,0.0,3.5388889,6,4,0,1,4.55,0,0,0,?
317,Diogo,Teixeira da Silva,MID,LIV,18,vv,"Diogo J. (MID, vv)",4.5,3.3,3.9,3.25,0.0,3.25,3.25,6,0,6,1,3.9,0,0,0,?
336,Dominik,Szoboszlai,MID,LIV,16,vv,"Szoboszlai (MID, vv)",4.0,3.0,3.5,2.916666666666667,0.0,2.916666666666667,2.9166667,6,0,6,1,3.5,0,0,0,?
329,Alexis,Mac Allister,MID,LIV,10,vv,"Mac Allister (MID, vv)",2.5,2.3,2.4,2.0,0.0,2.0,2.0,6,0,6,1,2.4,0,0,0,?
323,Ryan,Gravenberch,MID,LIV,9,vv,"Gravenberch (MID, vv)",2.2,2.0,2.1,1.7500000000000002,0.0,1.7500000000000002,1.75,6,0,6,1,2.1,0,0,0,?
313,Conor,Bradley,DEF,LIV,4,~,"Bradley (DEF, ~)",1.0,1.0,1.0,0.8333333333333334,0.7222222222222222,0.0,0.7777778,6,4,0,1,1.0,0,0,0,?
316,Darwin,Núñez Ribeiro,FWD,LIV,3,~,"Darwin (FWD, ~)",1.0,1.0,1.0,0.8333333333333334,0.0,0.8333333333333334,0.8333333,6,0,6,1,1.0,0,0,0,?
321,Cody,Gakpo,FWD,LIV,3,^,"Gakpo (FWD, ^)",0.8,1.0,0.9,0.75,0.0,0.75,0.75,6,0,6,1,0.9,0,0,0,?
337,Konstantinos,Tsimikas,DEF,LIV,3,~,"Tsimikas (DEF, ~)",1.0,0.7,0.85,0.7083333333333334,0.6138888888888888,0.0,0.6611111,6,4,0,1,0.85,0,0,0,?
319,Harvey,Elliott,MID,LIV,1,vv,"Elliott (MID, vv)",1.0,0.3,0.65,0.5416666666666667,0.0,0.5416666666666667,0.5416667,6,0,6,1,0.65,0,0,0,?
320,Endo,Wataru,MID,LIV,1,vv,"Endo (MID, vv)",1.0,0.3,0.65,0.5416666666666667,0.0,0.5416666666666667,0.5416667,6,0,6,1,0.65,0,0,0,?
324,Curtis,Jones,MID,LIV,1,^^^,"Jones (MID, ^^^)",1.0,0.3,0.65,0.5416666666666667,0.0,0.5416666666666667,0.5416667,6,0,6,1,0.65,0,0,0,?
333,Jarell,Quansah,DEF,LIV,1,vv,"Quansah (DEF, vv)",1.0,0.0,0.5,0.4166666666666667,0.3611111111111111,0.0,0.3888889,6,4,0,1,0.5,0,0,0,?
312,Stefan,Bajčetić Maquieira,MID,LIV,0,?,"Bajcetic (MID, ?)",0.0,0.0,0.0,0.0,0.0,0.0,0.0,6,0,6,1,0.0,0,0,0,?
315,Bobby,Clark,MID,LIV,0,?,"Clark (MID, ?)",0.0,0.0,0.0,0.0,0.0,0.0,0.0,6,0,6,1,0.0,0,0,0,?
318,Ben,Doak,MID,LIV,0,?,"Doak (MID, ?)",0.0,0.0,0.0,0.0,0.0,0.0,0.0,6,0,6,1,0.0,0,0,0,?
322,Joe,Gomez,DEF,LIV,0,?,"Gomez (DEF, ?)",0.0,0.0,0.0,0.0,0.0,0.0,0.0,6,4,0,1,0.0,0,0,0,?
325,Caoimhin,Kelleher,GKP,LIV,0,?,"Kelleher (GKP, ?)",0.0,0.0,0.0,0.0,0.0,0.0,0.0,6,4,0,1,0.0,0,0,0,?
330,James,McConnell,MID,LIV,0,?,"McConnell (MID, ?)",0.0,0.0,0.0,0.0,0.0,0.0,0.0,6,0,6,1,0.0,0,0,0,?
331,Tyler,Morton,MID,LIV,0,?,"Morton (MID, ?)",0.0,0.0,0.0,0.0,0.0,0.0,0.0,6,0,6,1,0.0,0,0,0,?
332,Nathaniel,Phillips,DEF,LIV,0,?,"N.Phillips (DEF, ?)",0.0,0.0,0.0,0.0,0.0,0.0,0.0,6,4,0,1,0.0,0,0,0,?
334,Rhys,Williams,DEF,LIV,0,?,"R.Williams (DEF, ?)",0.0,0.0,0.0,0.0,0.0,0.0,0.0,6,4,0,1,0.0,0,0,0,?
636,Federico,Chiesa,MID,LIV,0,?,"Chiesa (MID, ?)",0.0,0.0,0.0,0.0,0.0,0.0,0.0,6,0,6,1,0.0,0,0,0,?
351,Erling,Haaland,FWD,MCI,54,~,"Haaland (FWD, ~)",13.5,15.7,14.6,6.488888888888888,0.0,7.3,6.8944444,-1,0,0,1,14.6,0,0,0,?
345,Kevin,De Bruyne,MID,MCI,18,vv,"De Bruyne (MID, vv)",4.5,5.0,4.75,2.111111111111111,0.0,2.375,2.2430556,-1,0,0,1,4.75,0,0,0,?
347,Ederson,Santana de Moraes,GKP,MCI,19,^^,"Ederson M. (GKP, ^^)",4.8,3.7,4.25,1.8888888888888888,2.125,0.0,2.0069444,-1,0,0,1,4.25,0,0,0,?
342,Bernardo,Veiga de Carvalho e Silva,MID,MCI,16,vv,"Bernardo (MID, vv)",4.0,3.3,3.65,1.622222222222222,0.0,1.825,1.7236111,-1,0,0,1,3.65,0,0,0,?
571,Sávio 'Savinho',Moreira de Oliveira,MID,MCI,11,vv,"Sávio (MID, vv)",3.7,3.3,3.5,1.5555555555555554,0.0,1.75,1.6527778,-1,0,0,1,3.5,0,0,0,?
355,Rico,Lewis,DEF,MCI,15,vv,"Lewis (DEF, vv)",3.8,3.0,3.4,1.511111111111111,1.7,0.0,1.6055556,-1,0,0,1,3.4,0,0,0,?
356,Matheus Luiz,Nunes,MID,MCI,6,v,"Matheus N. (MID, v)",2.0,2.0,2.0,0.8888888888888888,0.0,1.0,0.9444444,-1,0,0,1,2.0,0,0,0,?
350,Joško,Gvardiol,DEF,MCI,12,vv,"Gvardiol (DEF, vv)",3.0,1.7,2.35,1.0444444444444445,1.175,0.0,1.1097222,-1,0,0,1,2.35,0,0,0,?
340,Manuel,Akanji,DEF,MCI,11,~,"Akanji (DEF, ~)",2.8,1.7,2.25,1.0,1.125,0.0,1.0625,-1,0,0,1,2.25,0,0,0,?
346,Jérémy,Doku,MID,MCI,7,vv,"Doku (MID, vv)",2.3,1.3,1.8,0.7999999999999999,0.0,0.9,0.85,-1,0,0,1,1.8,0,0,0,?
349,Jack,Grealish,MID,MCI,4,^^^,"Grealish (MID, ^^^)",1.3,1.3,1.3,0.5777777777777777,0.0,0.65,0.6138889,-1,0,0,1,1.3,0,0,0,?
625,Ilkay,Gündogan,MID,MCI,4,^^^,"Gündogan (MID, ^^^)",1.3,1.3,1.3,0.5777777777777777,0.0,0.65,0.6138889,-1,0,0,1,1.3,0,0,0,?
354,Mateo,Kovačić,MID,MCI,14,vv,"Kovačić (MID, vv)",3.5,1.0,2.25,1.0,0.0,1.125,1.0625,-1,0,0,1,2.25,0,0,0,?
363,Kyle,Walker,DEF,MCI,3,^^^,"Walker (DEF, ^^^)",1.5,1.0,1.25,0.5555555555555556,0.625,0.0,0.5902778,-1,0,0,1,1.25,0,0,0,?
361,Rúben,Gato Alves Dias,DEF,MCI,8,v,"Rúben (DEF, v)",2.0,0.7,1.35,0.6,0.675,0.0,0.6375,-1,0,0,1,1.35,0,0,0,?
362,John,Stones,DEF,MCI,2,^,"Stones (DEF, ^)",1.0,0.7,0.85,0.37777777777777777,0.425,0.0,0.4013889,-1,0,0,1,0.85,0,0,0,?
341,Nathan,Aké,DEF,MCI,1,vv,"Aké (DEF, vv)",1.0,0.3,0.65,0.28888888888888886,0.325,0.0,0.3069444,-1,0,0,1,0.65,0,0,0,?
357,James,McAtee,MID,MCI,1,vv,"McAtee (MID, vv)",1.0,0.3,0.65,0.28888888888888886,0.0,0.325,0.3069444,-1,0,0,1,0.65,0,0,0,?
360,Rodrigo 'Rodri',Hernandez,MID,MCI,1,^^^,"Rodrigo (MID, ^^^)",1.0,0.3,0.65,0.28888888888888886,0.0,0.325,0.3069444,-1,0,0,1,0.65,0,0,0,?
348,Phil,Foden,MID,MCI,1,vv,"Foden (MID, vv)",1.0,0.0,0.5,0.2222222222222222,0.0,0.25,0.2361111,-1,0,0,1,0.5,0,0,0,?
343,Oscar,Bobb,MID,MCI,0,?,"Bobb (MID, ?)",0.0,0.0,0.0,0.0,0.0,0.0,0.0,-1,0,0,1,0.0,0,0,0,?
344,Scott,Carson,GKP,MCI,0,?,"Carson (GKP, ?)",0.0,0.0,0.0,0.0,0.0,0.0,0.0,-1,0,0,1,0.0,0,0,0,?
352,Julián,Álvarez,FWD,MCI,0,?,"J.Alvarez (FWD, ?)",0.0,0.0,0.0,0.0,0.0,0.0,0.0,-1,0,0,1,0.0,0,0,0,?
353,João,Cavaco Cancelo,DEF,MCI,0,?,"João Cancelo (DEF, ?)",0.0,0.0,0.0,0.0,0.0,0.0,0.0,-1,0,0,1,0.0,0,0,0,?
358,Stefan,Ortega Moreno,GKP,MCI,0,?,"Ortega Moreno (GKP, ?)",0.0,0.0,0.0,0.0,0.0,0.0,0.0,-1,0,0,1,0.0,0,0,0,?
607,Nico,O'Reilly,MID,MCI,0,?,"O’Reilly (MID, ?)",0.0,0.0,0.0,0.0,0.0,0.0,0.0,-1,0,0,1,0.0,0,0,0,?
626,Issa,Kaboré,DEF,MCI,0,?,"Kaboré (DEF, ?)",0.0,0.0,0.0,0.0,0.0,0.0,0.0,-1,0,0,1,0.0,0,0,0,?
593,Matthijs,de Ligt,DEF,MUN,17,^^^,"De Ligt (DEF, ^^^)",4.2,5.3,4.75,3.6944444444444446,4.222222222222222,0.0,3.9583333,5,7,0,1,4.75,0,0,0,?
383,André,Onana,GKP,MUN,21,^^^,"Onana (GKP, ^^^)",5.2,5.0,5.1,3.9666666666666663,4.533333333333332,0.0,4.25,5,7,0,1,5.1,0,0,0,?
369,Diogo,Dalot Teixeira,DEF,MUN,20,^^^,"Dalot (DEF, ^^^)",5.0,4.3,4.65,3.616666666666667,4.133333333333334,0.0,3.875,5,7,0,1,4.65,0,0,0,?
364,Amad,Diallo,MID,MUN,16,^^,"Amad (MID, ^^)",4.0,4.3,4.15,3.2277777777777783,0.0,2.305555555555556,2.7666667,5,0,1,1,4.15,0,0,0,?
385,Marcus,Rashford,MID,MUN,15,^^^,"Rashford (MID, ^^^)",3.8,4.0,3.9,3.033333333333333,0.0,2.1666666666666665,2.6,5,0,1,1,3.9,0,0,0,?
594,Noussair,Mazraoui,DEF,MUN,19,^,"Mazraoui (DEF, ^)",4.8,3.7,4.25,3.305555555555556,3.7777777777777777,0.0,3.5416667,5,7,0,1,4.25,0,0,0,?
372,Alejandro,Garnacho,MID,MUN,13,^^^,"Garnacho (MID, ^^^)",3.2,3.0,3.1,2.4111111111111114,0.0,1.7222222222222223,2.0666667,5,0,1,1,3.1,0,0,0,?
366,Bruno,Borges Fernandes,MID,MUN,12,^^^,"B.Fernandes (MID, ^^^)",3.0,3.0,3.0,2.3333333333333335,0.0,1.6666666666666667,2.0,5,0,1,1,3.0,0,0,0,?
380,Lisandro,Martínez,DEF,MUN,14,^^^,"Martinez (DEF, ^^^)",3.5,2.3,2.9,2.2555555555555555,2.5777777777777775,0.0,2.4166667,5,7,0,1,2.9,0,0,0,?
389,Joshua,Zirkzee,FWD,MUN,12,v,"Zirkzee (FWD, v)",3.0,1.3,2.15,1.6722222222222223,0.0,1.1944444444444444,1.4333333,5,0,1,1,2.15,0,0,0,?
368,Carlos Henrique,Casimiro,MID,MUN,7,v,"Casemiro (MID, v)",1.8,1.3,1.55,1.2055555555555557,0.0,0.8611111111111112,1.0333333,5,0,1,1,1.55,0,0,0,?
378,Kobbie,Mainoo,MID,MUN,7,~,"Mainoo (MID, ~)",1.8,1.3,1.55,1.2055555555555557,0.0,0.8611111111111112,1.0333333,5,0,1,1,1.55,0,0,0,?
377,Harry,Maguire,DEF,MUN,8,vv,"Maguire (DEF, vv)",2.0,1.0,1.5,1.1666666666666667,1.3333333333333333,0.0,1.25,5,7,0,1,1.5,0,0,0,?
370,Christian,Eriksen,MID,MUN,3,^^^,"Eriksen (MID, ^^^)",1.5,1.0,1.25,0.9722222222222222,0.0,0.6944444444444444,0.8333333,5,0,1,1,1.25,0,0,0,?
652,Manuel,Ugarte,MID,MUN,1,^^^,"Ugarte (MID, ^^^)",1.0,1.0,1.0,0.7777777777777778,0.0,0.5555555555555556,0.6666667,5,0,1,1,1.0,0,0,0,?
382,Mason,Mount,MID,MUN,3,vv,"Mount (MID, vv)",1.5,0.3,0.9,0.7000000000000001,0.0,0.5,0.6,5,0,1,1,0.9,0,0,0,?
371,Jonny,Evans,DEF,MUN,2,^,"Evans (DEF, ^)",1.0,0.3,0.65,0.5055555555555555,0.5777777777777777,0.0,0.5416667,5,7,0,1,0.65,0,0,0,?
381,Scott,McTominay,MID,MUN,2,vv,"McTominay (MID, vv)",1.0,0.3,0.65,0.5055555555555555,0.0,0.36111111111111116,0.4333333,5,0,1,1,0.65,0,0,0,?
365,Antony Matheus,dos Santos,MID,MUN,1,vv,"Antony (MID, vv)",1.0,0.3,0.65,0.5055555555555555,0.0,0.36111111111111116,0.4333333,5,0,1,1,0.65,0,0,0,?
613,Toby,Collyer,MID,MUN,1,vv,"Collyer (MID, vv)",1.0,0.3,0.65,0.5055555555555555,0.0,0.36111111111111116,0.4333333,5,0,1,1,0.65,0,0,0,?
367,Altay,Bayindir,GKP,MUN,0,?,"Bayindir (GKP, ?)",0.0,0.0,0.0,0.0,0.0,0.0,0.0,5,7,0,1,0.0,0,0,0,?
373,Hannibal,Mejbri,MID,MUN,0,?,"Hannibal (MID, ?)",0.0,0.0,0.0,0.0,0.0,0.0,0.0,5,0,1,1,0.0,0,0,0,?
374,Tom,Heaton,GKP,MUN,0,?,"Heaton (GKP, ?)",0.0,0.0,0.0,0.0,0.0,0.0,0.0,5,7,0,1,0.0,0,0,0,?
375,Rasmus,Højlund,FWD,MUN,0,?,"Højlund (FWD, ?)",0.0,0.0,0.0,0.0,0.0,0.0,0.0,5,0,1,1,0.0,0,0,0,?
376,Victor,Lindelöf,DEF,MUN,0,?,"Lindelof (DEF, ?)",0.0,0.0,0.0,0.0,0.0,0.0,0.0,5,7,0,1,0.0,0,0,0,?
379,Tyrell,Malacia,DEF,MUN,0,?,"Malacia (DEF, ?)",0.0,0.0,0.0,0.0,0.0,0.0,0.0,5,7,0,1,0.0,0,0,0,?
384,Facundo,Pellistri Rebollo,MID,MUN,0,?,"Pellistri (MID, ?)",0.0,0.0,0.0,0.0,0.0,0.0,0.0,5,0,1,1,0.0,0,0,0,?
387,Luke,Shaw,DEF,MUN,0,?,"Shaw (DEF, ?)",0.0,0.0,0.0,0.0,0.0,0.0,0.0,5,7,0,1,0.0,0,0,0,?
572,Leny,Yoro,DEF,MUN,0,?,"Yoro (DEF, ?)",0.0,0.0,0.0,0.0,0.0,0.0,0.0,5,7,0,1,0.0,0,0,0,?
648,Ethan,Wheatley,FWD,MUN,0,?,"Wheatley (FWD, ?)",0.0,0.0,0.0,0.0,0.0,0.0,0.0,5,0,1,1,0.0,0,0,0,?
392,Harvey,Barnes,MID,NEW,23,^,"Barnes (MID, ^)",5.8,7.3,6.55,4.002777777777778,0.0,4.002777777777778,4.0027778,2,0,2,1,6.55,0,0,0,?
398,Anthony,Gordon,MID,NEW,17,v,"Gordon (MID, v)",4.2,4.7,4.45,2.7194444444444446,0.0,2.7194444444444446,2.7194444,2,0,2,1,4.45,0,0,0,?
401,Alexander,Isak,FWD,NEW,17,vv,"Isak (FWD, vv)",4.2,4.0,4.1,2.5055555555555555,0.0,2.5055555555555555,2.5055556,2,0,2,1,4.1,0,0,0,?
413,Nick,Pope,GKP,NEW,19,v,"Pope (GKP, v)",4.8,3.3,4.05,2.475,2.475,0.0,2.475,2,2,0,1,4.05,0,0,0,?
394,Bruno,Guimarães Rodriguez Moura,MID,NEW,13,^^^,"Bruno G. (MID, ^^^)",3.2,3.3,3.25,1.9861111111111112,0.0,1.9861111111111112,1.9861111,2,0,2,1,3.25,0,0,0,?
415,Fabian,Schär,DEF,NEW,6,vvv,"Schär (DEF, vvv)",3.0,2.7,2.85,1.741666666666667,1.741666666666667,0.0,1.7416667,2,2,0,1,2.85,0,0,0,?
404,Lloyd,Kelly,DEF,NEW,8,v,"Kelly (DEF, v)",2.0,2.3,2.15,1.3138888888888889,1.3138888888888889,0.0,1.3138889,2,2,0,1,2.15,0,0,0,?
402,Jacob,Murphy,MID,NEW,7,v,"J.Murphy (MID, v)",1.8,2.0,1.9,1.1611111111111112,0.0,1.1611111111111112,1.1611111,2,0,2,1,1.9,0,0,0,?
409,Tino,Livramento,DEF,NEW,12,v,"Livramento (DEF, v)",3.0,1.7,2.35,1.4361111111111113,1.4361111111111113,0.0,1.4361111,2,2,0,1,2.35,0,0,0,?
420,Joe,Willock,MID,NEW,5,^^^,"Willock (MID, ^^^)",2.5,1.7,2.1,1.2833333333333334,0.0,1.2833333333333334,1.2833333,2,0,2,1,2.1,0,0,0,?
405,Emil,Krafth,DEF,NEW,10,vv,"Krafth (DEF, vv)",3.3,1.3,2.3,1.4055555555555557,1.4055555555555557,0.0,1.4055556,2,2,0,1,2.3,0,0,0,?
399,Lewis,Hall,DEF,NEW,9,~,"Hall (DEF, ~)",2.2,1.3,1.75,1.0694444444444446,1.0694444444444446,0.0,1.0694444,2,2,0,1,1.75,0,0,0,?
410,Sean,Longstaff,MID,NEW,7,v,"Longstaff (MID, v)",1.8,1.3,1.55,0.9472222222222223,0.0,0.9472222222222223,0.9472222,2,0,2,1,1.55,0,0,0,?
403,Joelinton Cássio,Apolinário de Lira,MID,NEW,13,vv,"Joelinton (MID, vv)",3.2,0.7,1.95,1.1916666666666667,0.0,1.1916666666666667,1.1916667,2,0,2,1,1.95,0,0,0,?
395,Dan,Burn,DEF,NEW,7,v,"Burn (DEF, v)",1.8,0.7,1.25,0.763888888888889,0.763888888888889,0.0,0.7638889,2,2,0,1,1.25,0,0,0,?
391,Miguel,Almirón Rejala,MID,NEW,2,vv,"Almirón (MID, vv)",1.0,0.7,0.85,0.5194444444444445,0.0,0.5194444444444445,0.5194444,2,0,2,1,0.85,0,0,0,?
417,Sandro,Tonali,MID,NEW,2,^,"Tonali (MID, ^)",1.0,0.7,0.85,0.5194444444444445,0.0,0.5194444444444445,0.5194444,2,0,2,1,0.85,0,0,0,?
418,Kieran,Trippier,DEF,NEW,2,^,"Trippier (DEF, ^)",1.0,0.7,0.85,0.5194444444444445,0.5194444444444445,0.0,0.5194444,2,2,0,1,0.85,0,0,0,?
390,Alex,Murphy,DEF,NEW,0,?,"A.Murphy (DEF, ?)",0.0,0.0,0.0,0.0,0.0,0.0,0.0,2,2,0,1,0.0,0,0,0,?
393,Sven,Botman,DEF,NEW,0,?,"Botman (DEF, ?)",0.0,0.0,0.0,0.0,0.0,0.0,0.0,2,2,0,1,0.0,0,0,0,?
396,Martin,Dúbravka,GKP,NEW,0,?,"Dúbravka (GKP, ?)",0.0,0.0,0.0,0.0,0.0,0.0,0.0,2,2,0,1,0.0,0,0,0,?
400,Isaac,Hayden,MID,NEW,0,?,"Hayden (MID, ?)",0.0,0.0,0.0,0.0,0.0,0.0,0.0,2,0,2,1,0.0,0,0,0,?
406,Garang,Kuol,MID,NEW,0,?,"Kuol (MID, ?)",0.0,0.0,0.0,0.0,0.0,0.0,0.0,2,0,2,1,0.0,0,0,0,?
407,Jamaal,Lascelles,DEF,NEW,0,?,"Lascelles (DEF, ?)",0.0,0.0,0.0,0.0,0.0,0.0,0.0,2,2,0,1,0.0,0,0,0,?
408,Jamal,Lewis,DEF,NEW,0,?,"Lewis (DEF, ?)",0.0,0.0,0.0,0.0,0.0,0.0,0.0,2,2,0,1,0.0,0,0,0,?
411,Lewis,Miley,MID,NEW,0,?,"Miley (MID, ?)",0.0,0.0,0.0,0.0,0.0,0.0,0.0,2,0,2,1,0.0,0,0,0,?
412,Odysseas,Vlachodimos,GKP,NEW,0,?,"Odysseas (GKP, ?)",0.0,0.0,0.0,0.0,0.0,0.0,0.0,2,2,0,1,0.0,0,0,0,?
414,John,Ruddy,GKP,NEW,0,?,"Ruddy (GKP, ?)",0.0,0.0,0.0,0.0,0.0,0.0,0.0,2,2,0,1,0.0,0,0,0,?
416,Matt,Targett,DEF,NEW,0,?,"Targett (DEF, ?)",0.0,0.0,0.0,0.0,0.0,0.0,0.0,2,2,0,1,0.0,0,0,0,?
419,Joe,White,MID,NEW,0,?,"White (MID, ?)",0.0,0.0,0.0,0.0,0.0,0.0,0.0,2,0,2,1,0.0,0,0,0,?
421,Callum,Wilson,FWD,NEW,0,?,"Wilson (FWD, ?)",0.0,0.0,0.0,0.0,0.0,0.0,0.0,2,0,2,1,0.0,0,0,0,?
574,Miodrag,Pivaš,DEF,NEW,0,?,"Pivas (DEF, ?)",0.0,0.0,0.0,0.0,0.0,0.0,0.0,2,2,0,1,0.0,0,0,0,?
590,William,Osula,FWD,NEW,0,?,"Osula (FWD, ?)",0.0,0.0,0.0,0.0,0.0,0.0,0.0,2,0,2,1,0.0,0,0,0,?
422,Ola,Aina,DEF,NFO,20,^^^,"Aina (DEF, ^^^)",5.0,6.3,5.65,3.1388888888888893,2.825,0.0,2.9819444,1,0,0,1,5.65,0,0,0,?
443,Matz,Sels,GKP,NFO,20,^^^,"Sels (GKP, ^^^)",5.0,5.7,5.35,2.9722222222222223,2.675,0.0,2.8236111,1,0,0,1,5.35,0,0,0,?
436,Murillo,Santiago Costa dos Santos,DEF,NFO,17,^^,"Murillo (DEF, ^^)",4.2,5.0,4.6,2.5555555555555554,2.3,0.0,2.4277778,1,0,0,1,4.6,0,0,0,?
573,Nikola,Milenković,DEF,NFO,14,^^,"Milenković (DEF, ^^)",4.7,4.7,4.7,2.611111111111111,2.35,0.0,2.4805556,1,0,0,1,4.7,0,0,0,?
433,Morgan,Gibbs-White,MID,NFO,16,~,"Gibbs-White (MID, ~)",4.0,4.7,4.35,2.4166666666666665,0.0,1.2083333333333333,1.8125,1,0,-4,1,4.35,0,0,0,?
447,Chris,Wood,FWD,NFO,21,vv,"Wood (FWD, vv)",5.2,4.0,4.6,2.5555555555555554,0.0,1.2777777777777777,1.9166667,1,0,-4,1,4.6,0,0,0,?
434,Callum,Hudson-Odoi,MID,NFO,15,^^^,"Hudson-Odoi (MID, ^^^)",3.8,4.0,3.9,2.1666666666666665,0.0,1.0833333333333333,1.625,1,0,-4,1,3.9,0,0,0,?
423,Elliot,Anderson,MID,NFO,13,~,"Anderson (MID, ~)",3.2,4.0,3.6,2.0,0.0,1.0,1.5,1,0,-4,1,3.6,0,0,0,?
437,Neco,Williams,DEF,NFO,10,vv,"N.Williams (DEF, vv)",2.5,3.0,2.75,1.527777777777778,1.375,0.0,1.4513889,1,0,0,1,2.75,0,0,0,?
432,Anthony,Elanga,MID,NFO,9,^,"Elanga (MID, ^)",2.2,2.7,2.45,1.3611111111111112,0.0,0.6805555555555556,1.0208333,1,0,-4,1,2.45,0,0,0,?
26,Álex,Moreno Lopera,DEF,NFO,6,^^^,"Alex Moreno (DEF, ^^^)",6.0,2.0,4.0,2.2222222222222223,2.0,0.0,2.1111111,1,0,0,1,4.0,0,0,0,?
449,Ryan,Yates,MID,NFO,11,~,"Yates (MID, ~)",2.8,1.3,2.05,1.1388888888888888,0.0,0.5694444444444444,0.8541667,1,0,-4,1,2.05,0,0,0,?
531,James,Ward-Prowse,MID,NFO,4,^^^,"Ward-Prowse (MID, ^^^)",2.0,1.0,1.5,0.8333333333333334,0.0,0.4166666666666667,0.625,1,0,-4,1,1.5,0,0,0,?
596,João Pedro,Ferreira Silva,MID,NFO,3,~,"Jota Silva (MID, ~)",1.0,1.0,1.0,0.5555555555555556,0.0,0.2777777777777778,0.4166667,1,0,-4,1,1.0,0,0,0,?
653,Felipe,Rodrigues da Silva,DEF,NFO,1,^^^,"Morato (DEF, ^^^)",1.0,1.0,1.0,0.5555555555555556,0.5,0.0,0.5277778,1,0,0,1,1.0,0,0,0,?
442,Ibrahim,Sangaré,MID,NFO,4,vv,"Sangaré (MID, vv)",1.3,0.7,1.0,0.5555555555555556,0.0,0.2777777777777778,0.4166667,1,0,-4,1,1.0,0,0,0,?
424,Taiwo,Awoniyi,FWD,NFO,3,vv,"Awoniyi (FWD, vv)",1.0,0.7,0.85,0.4722222222222222,0.0,0.2361111111111111,0.3541667,1,0,-4,1,0.85,0,0,0,?
425,Willy,Boly,DEF,NFO,3,vv,"Boly (DEF, vv)",1.5,0.3,0.9,0.5,0.45,0.0,0.475,1,0,0,1,0.9,0,0,0,?
620,Ramón,Sosa,MID,NFO,1,vv,"Sosa (MID, vv)",1.0,0.3,0.65,0.36111111111111116,0.0,0.18055555555555558,0.2708333,1,0,-4,1,0.65,0,0,0,?
431,Nicolás,Domínguez,MID,NFO,2,^^^,"Dominguez (MID, ^^^)",0.7,0.3,0.5,0.2777777777777778,0.0,0.1388888888888889,0.2083333,1,0,-4,1,0.5,0,0,0,?
429,Danilo,dos Santos de Oliveira,MID,NFO,1,vv,"Danilo (MID, vv)",1.0,0.0,0.5,0.2777777777777778,0.0,0.1388888888888889,0.2083333,1,0,-4,1,0.5,0,0,0,?
444,Harry,Toffolo,DEF,NFO,1,vv,"Toffolo (DEF, vv)",1.0,0.0,0.5,0.2777777777777778,0.25,0.0,0.2638889,1,0,0,1,0.5,0,0,0,?
426,Josh,Bowler,MID,NFO,0,?,"Bowler (MID, ?)",0.0,0.0,0.0,0.0,0.0,0.0,0.0,1,0,-4,1,0.0,0,0,0,?
427,Carlos Miguel,dos Santos Pereira,GKP,NFO,0,?,"C.Miguel (GKP, ?)",0.0,0.0,0.0,0.0,0.0,0.0,0.0,1,0,0,1,0.0,0,0,0,?
428,Eric,da Silva Moreira,MID,NFO,0,?,"Da Silva Moreira (MID, ?)",0.0,0.0,0.0,0.0,0.0,0.0,0.0,1,0,-4,1,0.0,0,0,0,?
430,Emmanuel,Dennis,FWD,NFO,0,?,"Dennis (FWD, ?)",0.0,0.0,0.0,0.0,0.0,0.0,0.0,1,0,-4,1,0.0,0,0,0,?
435,Alex,Mighten,MID,NFO,0,?,"Mighten (MID, ?)",0.0,0.0,0.0,0.0,0.0,0.0,0.0,1,0,-4,1,0.0,0,0,0,?
438,Omar,Richards,DEF,NFO,0,?,"O.Richards (DEF, ?)",0.0,0.0,0.0,0.0,0.0,0.0,0.0,1,0,0,1,0.0,0,0,0,?
439,Lewis,O'Brien,MID,NFO,0,?,"O'Brien (MID, ?)",0.0,0.0,0.0,0.0,0.0,0.0,0.0,1,0,-4,1,0.0,0,0,0,?
440,Andrew,Omobamidele,DEF,NFO,0,?,"Omobamidele (DEF, ?)",0.0,0.0,0.0,0.0,0.0,0.0,0.0,1,0,0,1,0.0,0,0,0,?
441,Jonathan,Panzo,DEF,NFO,0,?,"Panzo (DEF, ?)",0.0,0.0,0.0,0.0,0.0,0.0,0.0,1,0,0,1,0.0,0,0,0,?
446,Hwang,Ui-jo,FWD,NFO,0,?,"Ui-jo (FWD, ?)",0.0,0.0,0.0,0.0,0.0,0.0,0.0,1,0,-4,1,0.0,0,0,0,?
448,Joe,Worrall,DEF,NFO,0,?,"Worrall (DEF, ?)",0.0,0.0,0.0,0.0,0.0,0.0,0.0,1,0,0,1,0.0,0,0,0,?
474,Sugawara,Yukinari,DEF,SOU,11,vv,"Sugawara (DEF, vv)",2.8,3.3,3.05,1.1861111111111111,1.6944444444444444,0.0,1.4402778,-2,1,0,1,3.05,0,0,0,?
584,Ben,Brereton Díaz,MID,SOU,7,~,"Brereton Díaz (MID, ~)",1.8,2.0,1.9,0.7388888888888888,0.0,0.5277777777777778,0.6333333,-2,0,-4,1,1.9,0,0,0,?
14,Aaron,Ramsdale,GKP,SOU,5,^^^,"Ramsdale (GKP, ^^^)",2.5,1.7,2.1,0.8166666666666668,1.1666666666666667,0.0,0.9916667,-2,1,0,1,2.1,0,0,0,?
463,Adam,Lallana,MID,SOU,5,vv,"Lallana (MID, vv)",2.5,1.7,2.1,0.8166666666666668,0.0,0.5833333333333334,0.7,-2,0,-4,1,2.1,0,0,0,?
518,Flynn,Downes,MID,SOU,7,~,"Downes (MID, ~)",1.8,1.7,1.75,0.6805555555555556,0.0,0.48611111111111116,0.5833333,-2,0,-4,1,1.75,0,0,0,?
469,Alex,McCarthy,GKP,SOU,6,vv,"McCarthy (GKP, vv)",3.0,1.3,2.15,0.8361111111111111,1.1944444444444444,0.0,1.0152778,-2,1,0,1,2.15,0,0,0,?
452,Joe,Aribo,MID,SOU,6,vv,"Aribo (MID, vv)",2.0,1.3,1.65,0.6416666666666666,0.0,0.4583333333333333,0.55,-2,0,-4,1,1.65,0,0,0,?
476,Kyle,Walker-Peters,DEF,SOU,6,v,"Walker-Peters (DEF, v)",1.5,1.3,1.4,0.5444444444444444,0.7777777777777778,0.0,0.6611111,-2,1,0,1,1.4,0,0,0,?
623,Mateus Gonçalo,Espanha Fernandes,MID,SOU,4,^^^,"M.Fernandes (MID, ^^^)",1.3,1.3,1.3,0.5055555555555555,0.0,0.36111111111111116,0.4333333,-2,0,-4,1,1.3,0,0,0,?
608,Tyler,Dibling,MID,SOU,5,^^^,"Dibling (MID, ^^^)",1.2,1.3,1.25,0.4861111111111111,0.0,0.3472222222222222,0.4166667,-2,0,-4,1,1.25,0,0,0,?
471,Will,Smallbone,MID,SOU,5,vv,"Smallbone (MID, vv)",1.7,1.0,1.35,0.525,0.0,0.37500000000000006,0.45,-2,0,-4,1,1.35,0,0,0,?
455,Jan,Bednarek,DEF,SOU,5,~,"Bednarek (DEF, ~)",1.2,1.0,1.1,0.4277777777777778,0.6111111111111112,0.0,0.5194444,-2,1,0,1,1.1,0,0,0,?
461,Taylor,Harwood-Bellis,DEF,SOU,4,~,"Harwood-Bellis (DEF, ~)",1.0,1.0,1.0,0.3888888888888889,0.5555555555555556,0.0,0.4722222,-2,1,0,1,1.0,0,0,0,?
188,Lesley,Ugochukwu,MID,SOU,2,^^^,"Ugochukwu (MID, ^^^)",2.0,0.7,1.35,0.525,0.0,0.37500000000000006,0.45,-2,0,-4,1,1.35,0,0,0,?
453,Adam,Armstrong,FWD,SOU,4,vv,"Armstrong (FWD, vv)",1.3,0.7,1.0,0.3888888888888889,0.0,0.2777777777777778,0.3333333,-2,0,-4,1,1.0,0,0,0,?
27,Cameron,Archer,FWD,SOU,3,vv,"Archer (FWD, vv)",0.8,0.7,0.75,0.2916666666666667,0.0,0.20833333333333334,0.25,-2,0,-4,1,0.75,0,0,0,?
397,Ryan,Fraser,MID,SOU,1,^^^,"Fraser (MID, ^^^)",1.0,0.3,0.65,0.25277777777777777,0.0,0.18055555555555558,0.2166667,-2,0,-4,1,0.65,0,0,0,?
473,Ross,Stewart,FWD,SOU,1,^^^,"Stewart (FWD, ^^^)",1.0,0.3,0.65,0.25277777777777777,0.0,0.18055555555555558,0.2166667,-2,0,-4,1,0.65,0,0,0,?
475,Charlie,Taylor,DEF,SOU,1,vv,"Taylor (DEF, vv)",1.0,0.3,0.65,0.25277777777777777,0.36111111111111116,0.0,0.3069444,-2,1,0,1,0.65,0,0,0,?
472,Jack,Stephens,DEF,SOU,2,vvv,"Stephens (DEF, vvv)",0.5,0.3,0.4,0.15555555555555556,0.22222222222222224,0.0,0.1888889,-2,1,0,1,0.4,0,0,0,?
459,Samuel,Edozie,MID,SOU,1,vv,"Edozie (MID, vv)",0.5,0.3,0.4,0.15555555555555556,0.0,0.11111111111111112,0.1333333,-2,0,-4,1,0.4,0,0,0,?
450,Carlos,Alcaraz Durán,MID,SOU,1,vv,"Alcaraz (MID, vv)",1.0,0.0,0.5,0.19444444444444445,0.0,0.1388888888888889,0.1666667,-2,0,-4,1,0.5,0,0,0,?
451,Samuel,Amo-Ameyaw,MID,SOU,1,vv,"Amo-Ameyaw (MID, vv)",1.0,0.0,0.5,0.19444444444444445,0.0,0.1388888888888889,0.1666667,-2,0,-4,1,0.5,0,0,0,?
454,Gavin,Bazunu,GKP,SOU,0,?,"Bazunu (GKP, ?)",0.0,0.0,0.0,0.0,0.0,0.0,0.0,-2,1,0,1,0.0,0,0,0,?
456,Armel,Bella-Kotchap,DEF,SOU,0,?,"Bella-Kotchap (DEF, ?)",0.0,0.0,0.0,0.0,0.0,0.0,0.0,-2,1,0,1,0.0,0,0,0,?
457,James,Bree,DEF,SOU,0,?,"Bree (DEF, ?)",0.0,0.0,0.0,0.0,0.0,0.0,0.0,-2,1,0,1,0.0,0,0,0,?
458,Shea,Charles,MID,SOU,0,?,"Charles (MID, ?)",0.0,0.0,0.0,0.0,0.0,0.0,0.0,-2,0,-4,1,0.0,0,0,0,?
460,Ronnie,Edwards,DEF,SOU,0,?,"Edwards (DEF, ?)",0.0,0.0,0.0,0.0,0.0,0.0,0.0,-2,1,0,1,0.0,0,0,0,?
462,Kamaldeen,Sulemana,MID,SOU,0,?,"Kamaldeen (MID, ?)",0.0,0.0,0.0,0.0,0.0,0.0,0.0,-2,0,-4,1,0.0,0,0,0,?
464,Juan,Larios López,DEF,SOU,0,?,"Larios (DEF, ?)",0.0,0.0,0.0,0.0,0.0,0.0,0.0,-2,1,0,1,0.0,0,0,0,?
465,Mateusz,Lis,GKP,SOU,0,?,"Lis (GKP, ?)",0.0,0.0,0.0,0.0,0.0,0.0,0.0,-2,1,0,1,0.0,0,0,0,?
466,Joe,Lumley,GKP,SOU,0,?,"Lumley (GKP, ?)",0.0,0.0,0.0,0.0,0.0,0.0,0.0,-2,1,0,1,0.0,0,0,0,?
467,Ryan,Manning,DEF,SOU,0,?,"Manning (DEF, ?)",0.0,0.0,0.0,0.0,0.0,0.0,0.0,-2,1,0,1,0.0,0,0,0,?
468,Sékou,Mara,FWD,SOU,0,?,"Mara (FWD, ?)",0.0,0.0,0.0,0.0,0.0,0.0,0.0,-2,0,-4,1,0.0,0,0,0,?
470,Paul,Onuachu,FWD,SOU,0,?,"Onuachu (FWD, ?)",0.0,0.0,0.0,0.0,0.0,0.0,0.0,-2,0,-4,1,0.0,0,0,0,?
477,Nathan,Wood-Gordon,DEF,SOU,0,?,"Wood (DEF, ?)",0.0,0.0,0.0,0.0,0.0,0.0,0.0,-2,1,0,1,0.0,0,0,0,?
515,Maxwel,Cornet,MID,SOU,0,?,"Cornet (MID, ?)",0.0,0.0,0.0,0.0,0.0,0.0,0.0,-2,0,-4,1,0.0,0,0,0,?
503,Son,Heung-min,MID,TOT,23,vv,"Son (MID, vv)",5.8,7.0,6.4,3.9111111111111114,0.0,4.266666666666667,4.0888889,2,0,3,1,6.4,0,0,0,?
498,Cristian,Romero,DEF,TOT,19,vv,"Romero (DEF, vv)",4.8,5.7,5.25,3.2083333333333335,2.625,0.0,2.9166667,2,0,0,1,5.25,0,0,0,?
482,Yves,Bissouma,MID,TOT,10,vv,"Bissouma (MID, vv)",5.0,3.3,4.15,2.5361111111111114,0.0,2.7666666666666666,2.6513889,2,0,3,1,4.15,0,0,0,?
506,Micky,van de Ven,DEF,TOT,12,vv,"Van de Ven (DEF, vv)",4.0,3.3,3.65,2.2305555555555556,1.825,0.0,2.0277778,2,0,0,1,3.65,0,0,0,?
495,Pedro,Porro,DEF,TOT,18,vv,"Pedro Porro (DEF, vv)",4.5,3.0,3.75,2.291666666666667,1.875,0.0,2.0833333,2,0,0,1,3.75,0,0,0,?
494,James,Maddison,MID,TOT,14,v,"Maddison (MID, v)",3.5,3.0,3.25,1.9861111111111112,0.0,2.1666666666666665,2.0763889,2,0,3,1,3.25,0,0,0,?
491,Brennan,Johnson,MID,TOT,11,~,"Johnson (MID, ~)",2.8,3.0,2.9,1.7722222222222224,0.0,1.9333333333333331,1.8527778,2,0,3,1,2.9,0,0,0,?
508,Guglielmo,Vicario,GKP,TOT,11,~,"Vicario (GKP, ~)",2.8,3.0,2.9,1.7722222222222224,1.45,0.0,1.6111111,2,0,0,1,2.9,0,0,0,?
492,Dejan,Kulusevski,MID,TOT,10,vv,"Kulusevski (MID, vv)",2.5,3.0,2.75,1.6805555555555558,0.0,1.8333333333333333,1.7569444,2,0,3,1,2.75,0,0,0,?
505,Destiny,Udogie,DEF,TOT,10,vv,"Udogie (DEF, vv)",2.5,2.7,2.6,1.588888888888889,1.3,0.0,1.4444444,2,0,0,1,2.6,0,0,0,?
612,Wilson,Odobert,MID,TOT,6,v,"Odobert (MID, v)",2.0,2.0,2.0,1.2222222222222223,0.0,1.3333333333333333,1.2777778,2,0,3,1,2.0,0,0,0,?
82,Dominic,Solanke-Mitchell,FWD,TOT,4,^,"Solanke (FWD, ^)",2.0,0.7,1.35,0.8250000000000001,0.0,0.9,0.8625,2,0,3,1,1.35,0,0,0,?
499,Pape Matar,Sarr,MID,TOT,4,~,"P.M.Sarr (MID, ~)",1.0,0.7,0.85,0.5194444444444445,0.0,0.5666666666666667,0.5430556,2,0,3,1,0.85,0,0,0,?
481,Lucas,Bergvall,MID,TOT,3,vv,"Bergvall (MID, vv)",1.0,0.7,0.85,0.5194444444444445,0.0,0.5666666666666667,0.5430556,2,0,3,1,0.85,0,0,0,?
509,Timo,Werner,MID,TOT,3,~,"Werner (MID, ~)",1.0,0.7,0.85,0.5194444444444445,0.0,0.5666666666666667,0.5430556,2,0,3,1,0.85,0,0,0,?
489,Archie,Gray,MID,TOT,2,vv,"Gray (MID, vv)",1.0,0.3,0.65,0.39722222222222225,0.0,0.43333333333333335,0.4152778,2,0,3,1,0.65,0,0,0,?
497,Richarlison,de Andrade,FWD,TOT,2,vv,"Richarlison (FWD, vv)",1.0,0.3,0.65,0.39722222222222225,0.0,0.43333333333333335,0.4152778,2,0,3,1,0.65,0,0,0,?
504,Djed,Spence,DEF,TOT,2,vv,"Spence (DEF, vv)",1.0,0.3,0.65,0.39722222222222225,0.325,0.0,0.3611111,2,0,0,1,0.65,0,0,0,?
486,Radu,Drăgușin,DEF,TOT,1,vv,"Dragusin (DEF, vv)",1.0,0.3,0.65,0.39722222222222225,0.325,0.0,0.3611111,2,0,0,1,0.65,0,0,0,?
480,Rodrigo,Bentancur,MID,TOT,2,^^^,"Bentancur (MID, ^^^)",0.7,0.3,0.5,0.3055555555555556,0.0,0.3333333333333333,0.3194444,2,0,3,1,0.5,0,0,0,?
478,Ashley,Phillips,DEF,TOT,0,?,"A.Phillips (DEF, ?)",0.0,0.0,0.0,0.0,0.0,0.0,0.0,2,0,0,1,0.0,0,0,0,?
479,Brandon,Austin,GKP,TOT,0,?,"Austin (GKP, ?)",0.0,0.0,0.0,0.0,0.0,0.0,0.0,2,0,0,1,0.0,0,0,0,?
483,Bryan,Gil Salvatierra,MID,TOT,0,?,"Bryan (MID, ?)",0.0,0.0,0.0,0.0,0.0,0.0,0.0,2,0,3,1,0.0,0,0,0,?
484,Ben,Davies,DEF,TOT,0,?,"Davies (DEF, ?)",0.0,0.0,0.0,0.0,0.0,0.0,0.0,2,0,0,1,0.0,0,0,0,?
485,Alfie,Devine,MID,TOT,0,?,"Devine (MID, ?)",0.0,0.0,0.0,0.0,0.0,0.0,0.0,2,0,3,1,0.0,0,0,0,?
487,Emerson,Leite de Souza Junior,DEF,TOT,0,?,"E.Royal (DEF, ?)",0.0,0.0,0.0,0.0,0.0,0.0,0.0,2,0,0,1,0.0,0,0,0,?
488,Fraser,Forster,GKP,TOT,0,?,"Forster (GKP, ?)",0.0,0.0,0.0,0.0,0.0,0.0,0.0,2,0,0,1,0.0,0,0,0,?
490,Pierre-Emile,Højbjerg,MID,TOT,0,?,"Højbjerg (MID, ?)",0.0,0.0,0.0,0.0,0.0,0.0,0.0,2,0,3,1,0.0,0,0,0,?
493,Giovani,Lo Celso,MID,TOT,0,?,"Lo Celso (MID, ?)",0.0,0.0,0.0,0.0,0.0,0.0,0.0,2,0,3,1,0.0,0,0,0,?
496,Sergio,Reguilón,DEF,TOT,0,?,"Reguilón (DEF, ?)",0.0,0.0,0.0,0.0,0.0,0.0,0.0,2,0,0,1,0.0,0,0,0,?
500,Dane,Scarlett,FWD,TOT,0,?,"Scarlett (FWD, ?)",0.0,0.0,0.0,0.0,0.0,0.0,0.0,2,0,3,1,0.0,0,0,0,?
502,Manor,Solomon,MID,TOT,0,?,"Solomon (MID, ?)",0.0,0.0,0.0,0.0,0.0,0.0,0.0,2,0,3,1,0.0,0,0,0,?
507,Alejo,Véliz,FWD,TOT,0,?,"Veliz (FWD, ?)",0.0,0.0,0.0,0.0,0.0,0.0,0.0,2,0,3,1,0.0,0,0,0,?
510,Alfie,Whiteman,GKP,TOT,0,?,"Whiteman (GKP, ?)",0.0,0.0,0.0,0.0,0.0,0.0,0.0,2,0,0,1,0.0,0,0,0,?
609,Will,Lankshear,FWD,TOT,0,?,"Lankshear (FWD, ?)",0.0,0.0,0.0,0.0,0.0,0.0,0.0,2,0,3,1,0.0,0,0,0,?
610,Mikey,Moore,MID,TOT,0,?,"Moore (MID, ?)",0.0,0.0,0.0,0.0,0.0,0.0,0.0,2,0,3,1,0.0,0,0,0,?
514,Jarrod,Bowen,MID,WHU,20,~,"Bowen (MID, ~)",5.0,6.0,5.5,2.138888888888889,0.0,1.8333333333333333,1.9861111,-2,0,-3,1,5.5,0,0,0,?
524,Max,Kilman,DEF,WHU,15,v,"Kilman (DEF, v)",3.8,4.7,4.25,1.652777777777778,1.4166666666666665,0.0,1.5347222,-2,-3,0,1,4.25,0,0,0,?
528,Konstantinos,Mavropanos,DEF,WHU,12,v,"Mavropanos (DEF, v)",3.0,3.7,3.35,1.3027777777777778,1.1166666666666667,0.0,1.2097222,-2,-3,0,1,3.35,0,0,0,?
530,Tomáš,Souček,MID,WHU,15,vv,"Souček (MID, vv)",3.8,3.3,3.55,1.3805555555555555,0.0,1.1833333333333331,1.2819444,-2,0,-3,1,3.55,0,0,0,?
513,Alphonse,Areola,GKP,WHU,11,~,"Areola (GKP, ~)",2.8,3.3,3.05,1.1861111111111111,1.0166666666666666,0.0,1.1013889,-2,-3,0,1,3.05,0,0,0,?
523,Danny,Ings,FWD,WHU,9,^^^,"Ings (FWD, ^^^)",4.5,2.7,3.6,1.4000000000000001,0.0,1.2,1.3,-2,0,-3,1,3.6,0,0,0,?
516,Vladimír,Coufal,DEF,WHU,9,vv,"Coufal (DEF, vv)",2.2,2.7,2.45,0.9527777777777778,0.8166666666666667,0.0,0.8847222,-2,-3,0,1,2.45,0,0,0,?
525,Mohammed,Kudus,MID,WHU,9,~,"Kudus (MID, ~)",2.2,2.3,2.25,0.875,0.0,0.75,0.8125,-2,0,-3,1,2.25,0,0,0,?
520,Emerson,Palmieri dos Santos,DEF,WHU,8,v,"Emerson (DEF, v)",2.0,2.3,2.15,0.8361111111111111,0.7166666666666666,0.0,0.7763889,-2,-3,0,1,2.15,0,0,0,?
527,Lucas,Tolentino Coelho de Lima,MID,WHU,12,vv,"L.Paquetá (MID, vv)",3.0,2.0,2.5,0.9722222222222222,0.0,0.8333333333333333,0.9027778,-2,0,-3,1,2.5,0,0,0,?
512,Michail,Antonio,FWD,WHU,7,v,"Antonio (FWD, v)",1.8,1.7,1.75,0.6805555555555556,0.0,0.5833333333333333,0.6319444,-2,0,-3,1,1.75,0,0,0,?
588,Guido,Rodríguez,MID,WHU,7,v,"G.Rodríguez (MID, v)",1.8,1.7,1.75,0.6805555555555556,0.0,0.5833333333333333,0.6319444,-2,0,-3,1,1.75,0,0,0,?
388,Aaron,Wan-Bissaka,DEF,WHU,4,^^^,"Wan-Bissaka (DEF, ^^^)",1.3,1.3,1.3,0.5055555555555555,0.43333333333333335,0.0,0.4694444,-2,-3,0,1,1.3,0,0,0,?
511,Edson,Álvarez Velázquez,MID,WHU,4,~,"Álvarez (MID, ~)",1.3,1.3,1.3,0.5055555555555555,0.0,0.43333333333333335,0.4694444,-2,0,-3,1,1.3,0,0,0,?
587,Crysencio,Summerville,MID,WHU,3,~,"Summerville (MID, ~)",1.0,0.7,0.85,0.33055555555555555,0.0,0.2833333333333333,0.3069444,-2,0,-3,1,0.85,0,0,0,?
589,Niclas,Füllkrug,FWD,WHU,3,vv,"Füllkrug (FWD, vv)",1.0,0.7,0.85,0.33055555555555555,0.0,0.2833333333333333,0.3069444,-2,0,-3,1,0.85,0,0,0,?
591,Jean-Clair,Todibo,DEF,WHU,2,vv,"Todibo (DEF, vv)",1.0,0.3,0.65,0.25277777777777777,0.21666666666666667,0.0,0.2347222,-2,-3,0,1,0.65,0,0,0,?
517,Aaron,Cresswell,DEF,WHU,1,vv,"Cresswell (DEF, vv)",1.0,0.3,0.65,0.25277777777777777,0.21666666666666667,0.0,0.2347222,-2,-3,0,1,0.65,0,0,0,?
521,Łukasz,Fabiański,GKP,WHU,1,vv,"Fabianski (GKP, vv)",1.0,0.3,0.65,0.25277777777777777,0.21666666666666667,0.0,0.2347222,-2,-3,0,1,0.65,0,0,0,?
519,George,Earthy,MID,WHU,0,?,"Earthy (MID, ?)",0.0,0.0,0.0,0.0,0.0,0.0,0.0,-2,0,-3,1,0.0,0,0,0,?
522,Wes,Foderingham,GKP,WHU,0,?,"Foderingham (GKP, ?)",0.0,0.0,0.0,0.0,0.0,0.0,0.0,-2,-3,0,1,0.0,0,0,0,?
526,Luis Guilherme,Lira dos Santos,MID,WHU,0,?,"L.Guilherme (MID, ?)",0.0,0.0,0.0,0.0,0.0,0.0,0.0,-2,0,-3,1,0.0,0,0,0,?
529,Nayef,Aguerd,DEF,WHU,0,?,"N.Aguerd (DEF, ?)",0.0,0.0,0.0,0.0,0.0,0.0,0.0,-2,-3,0,1,0.0,0,0,0,?
532,Kurt,Zouma,DEF,WHU,0,?,"Zouma (DEF, ?)",0.0,0.0,0.0,0.0,0.0,0.0,0.0,-2,-3,0,1,0.0,0,0,0,?
576,Andy,Irving,MID,WHU,0,?,"Irving (MID, ?)",0.0,0.0,0.0,0.0,0.0,0.0,0.0,-2,0,-3,1,0.0,0,0,0,?
643,Kaelan,Casey,DEF,WHU,0,?,"Casey (DEF, ?)",0.0,0.0,0.0,0.0,0.0,0.0,0.0,-2,-3,0,1,0.0,0,0,0,?
654,Carlos,Soler,MID,WHU,0,?,"C.Soler (MID, ?)",0.0,0.0,0.0,0.0,0.0,0.0,0.0,-2,0,-3,1,0.0,0,0,0,?
557,Mario,Lemina,MID,WOL,19,^^^,"Mario Jr. (MID, ^^^)",4.8,5.7,5.25,1.75,0.0,2.0416666666666665,1.8958333,-3,0,-2,1,5.25,0,0,0,?
566,Jørgen,Strand Larsen,FWD,WOL,15,^,"Strand Larsen (FWD, ^)",3.8,4.3,4.05,1.3499999999999999,0.0,1.575,1.4625,-3,0,-2,1,4.05,0,0,0,?
535,Jean-Ricner,Bellegarde,MID,WOL,12,~,"Bellegarde (MID, ~)",3.0,3.7,3.35,1.1166666666666667,0.0,1.3027777777777778,1.2097222,-3,0,-2,1,3.35,0,0,0,?
541,Matheus,Santos Carneiro Da Cunha,FWD,WOL,11,~,"Cunha (FWD, ~)",2.8,3.3,3.05,1.0166666666666666,0.0,1.1861111111111111,1.1013889,-3,0,-2,1,3.05,0,0,0,?
204,Sam,Johnstone,GKP,WOL,5,~,"Johnstone (GKP, ~)",2.5,1.7,2.1,0.7,0.23333333333333334,0.0,0.4666667,-3,-7,0,1,2.1,0,0,0,?
542,Craig,Dawson,DEF,WOL,5,~,"Dawson (DEF, ~)",1.2,1.3,1.25,0.41666666666666663,0.1388888888888889,0.0,0.2777778,-3,-7,0,1,1.25,0,0,0,?
553,João Victor,Gomes da Silva,MID,WOL,5,^^^,"J.Gomes (MID, ^^^)",1.2,1.3,1.25,0.41666666666666663,0.0,0.4861111111111111,0.4513889,-3,0,-2,1,1.25,0,0,0,?
559,Nélson,Cabral Semedo,DEF,WOL,3,~,"N.Semedo (DEF, ~)",1.5,1.0,1.25,0.41666666666666663,0.1388888888888889,0.0,0.2777778,-3,-7,0,1,1.25,0,0,0,?
550,Hwang,Hee-chan,MID,WOL,5,~,"Hee Chan (MID, ~)",1.2,1.0,1.1,0.3666666666666667,0.0,0.4277777777777778,0.3972222,-3,0,-2,1,1.1,0,0,0,?
533,Rayan,Aït-Nouri,DEF,WOL,4,vv,"Aït-Nouri (DEF, vv)",1.0,1.0,1.0,0.3333333333333333,0.1111111111111111,0.0,0.2222222,-3,-7,0,1,1.0,0,0,0,?
544,Tommy,Doyle,MID,WOL,3,~,"Doyle (MID, ~)",1.0,1.0,1.0,0.3333333333333333,0.0,0.3888888888888889,0.3611111,-3,0,-2,1,1.0,0,0,0,?
567,Toti António,Gomes,DEF,WOL,3,vv,"Toti (DEF, vv)",1.0,1.0,1.0,0.3333333333333333,0.1111111111111111,0.0,0.2222222,-3,-7,0,1,1.0,0,0,0,?
642,André,Trindade da Costa Neto,MID,WOL,2,~,"André (MID, ~)",1.0,1.0,1.0,0.3333333333333333,0.0,0.3888888888888889,0.3611111,-3,0,-2,1,1.0,0,0,0,?
655,Carlos Roberto,Forbs Borges,MID,WOL,1,^^^,"Forbs (MID, ^^^)",1.0,1.0,1.0,0.3333333333333333,0.0,0.3888888888888889,0.3611111,-3,0,-2,1,1.0,0,0,0,?
548,Gonçalo Manuel,Ganchinho Guedes,MID,WOL,2,^,"Guedes (MID, ^)",1.0,0.7,0.85,0.2833333333333333,0.0,0.33055555555555555,0.3069444,-3,0,-2,1,0.85,0,0,0,?
563,Rodrigo,Martins Gomes,MID,WOL,3,vv,"R.Gomes (MID, vv)",1.5,0.3,0.9,0.3,0.0,0.35000000000000003,0.325,-3,0,-2,1,0.9,0,0,0,?
562,Daniel,Castelo Podence,MID,WOL,2,vv,"Podence (MID, vv)",1.0,0.3,0.65,0.21666666666666667,0.0,0.25277777777777777,0.2347222,-3,0,-2,1,0.65,0,0,0,?
565,Pablo,Sarabia,MID,WOL,2,vv,"Sarabia (MID, vv)",1.0,0.3,0.65,0.21666666666666667,0.0,0.25277777777777777,0.2347222,-3,0,-2,1,0.65,0,0,0,?
543,Matt,Doherty,DEF,WOL,2,^^^,"Doherty (DEF, ^^^)",0.5,0.3,0.4,0.13333333333333333,0.044444444444444446,0.0,0.0888889,-3,-7,0,1,0.4,0,0,0,?
558,Yerson,Mosquera,DEF,WOL,2,^^^,"Mosquera (DEF, ^^^)",0.5,0.3,0.4,0.13333333333333333,0.044444444444444446,0.0,0.0888889,-3,-7,0,1,0.4,0,0,0,?
537,Francisco Jorge,Tomás Oliveira,MID,WOL,1,vv,"Chiquinho (MID, vv)",1.0,0.0,0.5,0.16666666666666666,0.0,0.19444444444444445,0.1805556,-3,0,-2,1,0.5,0,0,0,?
534,Boubacar,Traoré,MID,WOL,0,?,"B.Traore (MID, ?)",0.0,0.0,0.0,0.0,0.0,0.0,0.0,-3,0,-2,1,0.0,0,0,0,?
536,Daniel,Bentley,GKP,WOL,0,?,"Bentley (GKP, ?)",0.0,0.0,0.0,0.0,0.0,0.0,0.0,-3,-7,0,1,0.0,0,0,0,?
538,Tawanda,Chirewa,MID,WOL,0,?,"Chirewa (MID, ?)",0.0,0.0,0.0,0.0,0.0,0.0,0.0,-3,0,-2,1,0.0,0,0,0,?
539,Leon,Chiwome,FWD,WOL,0,?,"Chiwome (FWD, ?)",0.0,0.0,0.0,0.0,0.0,0.0,0.0,-3,0,-2,1,0.0,0,0,0,?
540,Luke,Cundle,MID,WOL,0,?,"Cundle (MID, ?)",0.0,0.0,0.0,0.0,0.0,0.0,0.0,-3,0,-2,1,0.0,0,0,0,?
545,Fábio,Silva,FWD,WOL,0,?,"Fábio Silva (FWD, ?)",0.0,0.0,0.0,0.0,0.0,0.0,0.0,-3,0,-2,1,0.0,0,0,0,?
546,Nathan,Fraser,FWD,WOL,0,?,"Fraser (FWD, ?)",0.0,0.0,0.0,0.0,0.0,0.0,0.0,-3,0,-2,1,0.0,0,0,0,?
547,Enso,González,MID,WOL,0,?,"Gonzalez (MID, ?)",0.0,0.0,0.0,0.0,0.0,0.0,0.0,-3,0,-2,1,0.0,0,0,0,?
549,Hugo,Bueno López,DEF,WOL,0,?,"H.Bueno (DEF, ?)",0.0,0.0,0.0,0.0,0.0,0.0,0.0,-3,-7,0,1,0.0,0,0,0,?
551,Joe,Hodge,MID,WOL,0,?,"Hodge (MID, ?)",0.0,0.0,0.0,0.0,0.0,0.0,0.0,-3,0,-2,1,0.0,0,0,0,?
552,Ki-Jana,Hoever,DEF,WOL,0,?,"Hoever (DEF, ?)",0.0,0.0,0.0,0.0,0.0,0.0,0.0,-3,-7,0,1,0.0,0,0,0,?
555,Saša,Kalajdžić,FWD,WOL,0,?,"Kalajdžić (FWD, ?)",0.0,0.0,0.0,0.0,0.0,0.0,0.0,-3,0,-2,1,0.0,0,0,0,?
556,Tom,King,GKP,WOL,0,?,"King (GKP, ?)",0.0,0.0,0.0,0.0,0.0,0.0,0.0,-3,-7,0,1,0.0,0,0,0,?
561,Pedro,Cardoso de Lima,DEF,WOL,0,?,"Pedro Lima (DEF, ?)",0.0,0.0,0.0,0.0,0.0,0.0,0.0,-3,-7,0,1,0.0,0,0,0,?
564,Santiago,Bueno,DEF,WOL,0,?,"S.Bueno (DEF, ?)",0.0,0.0,0.0,0.0,0.0,0.0,0.0,-3,-7,0,1,0.0,0,0,0,?
637,Bastien,Meupiyou,DEF,WOL,0,?,"Meupiyou (DEF, ?)",0.0,0.0,0.0,0.0,0.0,0.0,0.0,-3,-7,0,1,0.0,0,0,0,?
554,José,Malheiro de Sá,GKP,WOL,1,vv,"José Sá (GKP, vv)",0.5,-0.3,0.1,0.03333333333333333,0.011111111111111112,0.0,0.0222222,-3,-7,0,1,0.1,0,0,0,?
